window_id,safe_gain,safe_dispersion,anchor_spread,local_sensitivity,positive_safe_gain,task,trial,case_id
0,0.0,,,,0,controlled_d20_white_plus_distractor,0,controlled_d20_white_plus_distractor__0
1,0.0,,,,0,controlled_d20_white_plus_distractor,0,controlled_d20_white_plus_distractor__0
2,0.0,,,,0,controlled_d20_white_plus_distractor,0,controlled_d20_white_plus_distractor__0
3,0.0,,,,0,controlled_d20_white_plus_distractor,0,controlled_d20_white_plus_distractor__0
4,0.0,,,,0,controlled_d20_white_plus_distractor,0,controlled_d20_white_plus_distractor__0
5,0.0,,,,0,controlled_d20_white_plus_distractor,0,controlled_d20_white_plus_distractor__0
6,0.0,,,,0,controlled_d20_white_plus_distractor,0,controlled_d20_white_plus_distractor__0
7,0.0,,,,0,controlled_d20_white_plus_distractor,0,controlled_d20_white_plus_distractor__0
8,0.0,,,,0,controlled_d20_white_plus_distractor,0,controlled_d20_white_plus_distractor__0
9,0.0,,,,0,controlled_d20_white_plus_distractor,0,controlled_d20_white_plus_distractor__0
10,0.0,,,,0,controlled_d20_white_plus_distractor,0,controlled_d20_white_plus_distractor__0
11,0.0,,,,0,controlled_d20_white_plus_distractor,0,controlled_d20_white_plus_distractor__0
12,0.0,,,,0,controlled_d20_white_plus_distractor,0,controlled_d20_white_plus_distractor__0
13,0.0,,,,0,controlled_d20_white_plus_distractor,0,controlled_d20_white_plus_distractor__0
14,0.0,,,,0,controlled_d20_white_plus_distractor,0,controlled_d20_white_plus_distractor__0
15,0.0,,,,0,controlled_d20_white_plus_distractor,0,controlled_d20_white_plus_distractor__0
16,0.0,,,,0,controlled_d20_white_plus_distractor,0,controlled_d20_white_plus_distractor__0
17,0.0,,,,0,controlled_d20_white_plus_distractor,0,controlled_d20_white_plus_distractor__0
18,0.0,,,,0,controlled_d20_white_plus_distractor,0,controlled_d20_white_plus_distractor__0
0,0.0,0.0376194543657952,0.09659436610106552,0.30677119654970325,0,controlled_d20_white_plus_distractor,1,controlled_d20_white_plus_distractor__1
1,0.0,0.03911509318727776,0.0978796694180438,0.3108531534214548,0,controlled_d20_white_plus_distractor,1,controlled_d20_white_plus_distractor__1
2,0.0,0.0394880367476609,0.09907242332855207,0.31464118536457164,0,controlled_d20_white_plus_distractor,1,controlled_d20_white_plus_distractor__1
3,0.0019326265871223436,0.03778200189185687,0.09243955441279893,0.2935760527282234,1,controlled_d20_white_plus_distractor,1,controlled_d20_white_plus_distractor__1
4,0.007682211900871372,0.03679924827918495,0.08760950269411089,0.27823643402221554,1,controlled_d20_white_plus_distractor,1,controlled_d20_white_plus_distractor__1
5,0.0,0.02996487642110483,0.07398763238658297,0.23497513812931647,0,controlled_d20_white_plus_distractor,1,controlled_d20_white_plus_distractor__1
6,0.0,0.029162078037327725,0.07168615288288162,0.22766593729615014,0,controlled_d20_white_plus_distractor,1,controlled_d20_white_plus_distractor__1
7,0.01635118836196936,0.03752412752839434,0.11173406596716191,0.35485292254256673,1,controlled_d20_white_plus_distractor,1,controlled_d20_white_plus_distractor__1
8,0.03942845629002434,0.04293045529791338,0.12146898872388372,0.38576977642278015,1,controlled_d20_white_plus_distractor,1,controlled_d20_white_plus_distractor__1
9,0.0,0.04023156370887057,0.09641191156799497,0.30619174458283177,0,controlled_d20_white_plus_distractor,1,controlled_d20_white_plus_distractor__1
10,0.0,0.03366737778744107,0.0853188849797614,0.2709617288252921,0,controlled_d20_white_plus_distractor,1,controlled_d20_white_plus_distractor__1
11,0.0,0.03286427611464477,0.08568809171925464,0.27213428161299874,0,controlled_d20_white_plus_distractor,1,controlled_d20_white_plus_distractor__1
12,0.0,0.031979222572718034,0.08299508937786591,0.2635816549544771,0,controlled_d20_white_plus_distractor,1,controlled_d20_white_plus_distractor__1
13,0.0,0.031857138194791496,0.07893094201689622,0.2506744492943197,0,controlled_d20_white_plus_distractor,1,controlled_d20_white_plus_distractor__1
14,0.003082789842709266,0.033139424693347935,0.08200900202364325,0.2604499692282008,1,controlled_d20_white_plus_distractor,1,controlled_d20_white_plus_distractor__1
15,0.012867655488939311,0.0322172189362389,0.08789137666230466,0.2791316292389691,1,controlled_d20_white_plus_distractor,1,controlled_d20_white_plus_distractor__1
16,0.0,0.033882623649314575,0.0889394320097673,0.2824601172861398,0,controlled_d20_white_plus_distractor,1,controlled_d20_white_plus_distractor__1
17,0.0,0.04329982852304117,0.10640555469724138,0.33793026085863576,0,controlled_d20_white_plus_distractor,1,controlled_d20_white_plus_distractor__1
18,0.0,0.04377930706004516,0.10956996411588947,0.347980015341378,0,controlled_d20_white_plus_distractor,1,controlled_d20_white_plus_distractor__1
0,0.0,,,,0,controlled_d20_white_plus_distractor,2,controlled_d20_white_plus_distractor__2
1,0.0,,,,0,controlled_d20_white_plus_distractor,2,controlled_d20_white_plus_distractor__2
2,0.0,,,,0,controlled_d20_white_plus_distractor,2,controlled_d20_white_plus_distractor__2
3,0.0,,,,0,controlled_d20_white_plus_distractor,2,controlled_d20_white_plus_distractor__2
4,0.0,,,,0,controlled_d20_white_plus_distractor,2,controlled_d20_white_plus_distractor__2
5,0.0,,,,0,controlled_d20_white_plus_distractor,2,controlled_d20_white_plus_distractor__2
6,0.0,,,,0,controlled_d20_white_plus_distractor,2,controlled_d20_white_plus_distractor__2
7,0.0,,,,0,controlled_d20_white_plus_distractor,2,controlled_d20_white_plus_distractor__2
8,0.0,,,,0,controlled_d20_white_plus_distractor,2,controlled_d20_white_plus_distractor__2
9,0.0,,,,0,controlled_d20_white_plus_distractor,2,controlled_d20_white_plus_distractor__2
10,0.0,,,,0,controlled_d20_white_plus_distractor,2,controlled_d20_white_plus_distractor__2
11,0.0,,,,0,controlled_d20_white_plus_distractor,2,controlled_d20_white_plus_distractor__2
12,0.0,,,,0,controlled_d20_white_plus_distractor,2,controlled_d20_white_plus_distractor__2
13,0.0,,,,0,controlled_d20_white_plus_distractor,2,controlled_d20_white_plus_distractor__2
14,0.0,,,,0,controlled_d20_white_plus_distractor,2,controlled_d20_white_plus_distractor__2
15,0.0,,,,0,controlled_d20_white_plus_distractor,2,controlled_d20_white_plus_distractor__2
16,0.0,,,,0,controlled_d20_white_plus_distractor,2,controlled_d20_white_plus_distractor__2
17,0.0,,,,0,controlled_d20_white_plus_distractor,2,controlled_d20_white_plus_distractor__2
18,0.0,,,,0,controlled_d20_white_plus_distractor,2,controlled_d20_white_plus_distractor__2
0,0.0,,,,0,controlled_d20_white_plus_distractor,3,controlled_d20_white_plus_distractor__3
1,0.0,,,,0,controlled_d20_white_plus_distractor,3,controlled_d20_white_plus_distractor__3
2,0.0,,,,0,controlled_d20_white_plus_distractor,3,controlled_d20_white_plus_distractor__3
3,0.0,,,,0,controlled_d20_white_plus_distractor,3,controlled_d20_white_plus_distractor__3
4,0.0,,,,0,controlled_d20_white_plus_distractor,3,controlled_d20_white_plus_distractor__3
5,0.0,,,,0,controlled_d20_white_plus_distractor,3,controlled_d20_white_plus_distractor__3
6,0.0,,,,0,controlled_d20_white_plus_distractor,3,controlled_d20_white_plus_distractor__3
7,0.0,,,,0,controlled_d20_white_plus_distractor,3,controlled_d20_white_plus_distractor__3
8,0.0,,,,0,controlled_d20_white_plus_distractor,3,controlled_d20_white_plus_distractor__3
9,0.0,,,,0,controlled_d20_white_plus_distractor,3,controlled_d20_white_plus_distractor__3
10,0.0,,,,0,controlled_d20_white_plus_distractor,3,controlled_d20_white_plus_distractor__3
11,0.0,,,,0,controlled_d20_white_plus_distractor,3,controlled_d20_white_plus_distractor__3
12,0.0,,,,0,controlled_d20_white_plus_distractor,3,controlled_d20_white_plus_distractor__3
13,0.0,,,,0,controlled_d20_white_plus_distractor,3,controlled_d20_white_plus_distractor__3
14,0.0,,,,0,controlled_d20_white_plus_distractor,3,controlled_d20_white_plus_distractor__3
15,0.0,,,,0,controlled_d20_white_plus_distractor,3,controlled_d20_white_plus_distractor__3
16,0.0,,,,0,controlled_d20_white_plus_distractor,3,controlled_d20_white_plus_distractor__3
17,0.0,,,,0,controlled_d20_white_plus_distractor,3,controlled_d20_white_plus_distractor__3
18,0.0,,,,0,controlled_d20_white_plus_distractor,3,controlled_d20_white_plus_distractor__3
0,0.018897886117528184,0.041487486231367866,0.09857623703156612,0.31306536194772056,1,controlled_d20_white_plus_distractor,4,controlled_d20_white_plus_distractor__4
1,0.018904304644456582,0.04761265056311482,0.11179561485880357,0.3550483938510638,1,controlled_d20_white_plus_distractor,4,controlled_d20_white_plus_distractor__4
2,0.0,0.05247632956059729,0.12286528073664961,0.39020421901791885,0,controlled_d20_white_plus_distractor,4,controlled_d20_white_plus_distractor__4
3,0.0,0.05568619246999116,0.13096601633653446,0.415931106135842,0,controlled_d20_white_plus_distractor,4,controlled_d20_white_plus_distractor__4
4,0.012244723182800898,0.04748878230132492,0.11606437026183741,0.3686054081534979,1,controlled_d20_white_plus_distractor,4,controlled_d20_white_plus_distractor__4
5,0.0,0.04316990298823165,0.10729406257502745,0.34075204680552096,0,controlled_d20_white_plus_distractor,4,controlled_d20_white_plus_distractor__4
6,0.0,0.04488638334517988,0.11180365192146073,0.35507391852116205,0,controlled_d20_white_plus_distractor,4,controlled_d20_white_plus_distractor__4
7,0.004883510552740611,0.048112092530355414,0.11320307116585848,0.35951829279894765,1,controlled_d20_white_plus_distractor,4,controlled_d20_white_plus_distractor__4
8,0.07116580933543815,0.055559292288230776,0.13880629096758387,0.44083080294972044,1,controlled_d20_white_plus_distractor,4,controlled_d20_white_plus_distractor__4
9,0.06622588433991217,0.05621864873043927,0.1451436812442031,0.4609575336963855,1,controlled_d20_white_plus_distractor,4,controlled_d20_white_plus_distractor__4
10,0.029049108062755513,0.05889334085638157,0.14463234951275697,0.45933361034121345,1,controlled_d20_white_plus_distractor,4,controlled_d20_white_plus_distractor__4
11,0.03739075626173238,0.056383831099240604,0.13906785309045128,0.4416614903763573,1,controlled_d20_white_plus_distractor,4,controlled_d20_white_plus_distractor__4
12,0.04779001384503767,0.05297217529050797,0.13328304698829235,0.4232896954011663,1,controlled_d20_white_plus_distractor,4,controlled_d20_white_plus_distractor__4
13,0.027284463982730545,0.056297339798252286,0.14477486707802054,0.45978622767067046,1,controlled_d20_white_plus_distractor,4,controlled_d20_white_plus_distractor__4
14,0.0014977722572215857,0.053261419502678126,0.13488638922094578,0.428381702679056,1,controlled_d20_white_plus_distractor,4,controlled_d20_white_plus_distractor__4
15,0.003213614316245339,0.056526067375084935,0.14482693970783822,0.45995160359890985,1,controlled_d20_white_plus_distractor,4,controlled_d20_white_plus_distractor__4
16,0.009961531839187798,0.052138672831113314,0.13968369406388328,0.4436173215488131,1,controlled_d20_white_plus_distractor,4,controlled_d20_white_plus_distractor__4
17,0.0,0.04561317036121727,0.11623335014916286,0.36914206639061936,0,controlled_d20_white_plus_distractor,4,controlled_d20_white_plus_distractor__4
18,0.03296549060842102,0.05246472193470732,0.13144414737363097,0.4174495883856678,1,controlled_d20_white_plus_distractor,4,controlled_d20_white_plus_distractor__4
0,0.0,,,,0,controlled_d20_white_plus_distractor,5,controlled_d20_white_plus_distractor__5
1,0.0,,,,0,controlled_d20_white_plus_distractor,5,controlled_d20_white_plus_distractor__5
2,0.0,,,,0,controlled_d20_white_plus_distractor,5,controlled_d20_white_plus_distractor__5
3,0.0,,,,0,controlled_d20_white_plus_distractor,5,controlled_d20_white_plus_distractor__5
4,0.0,,,,0,controlled_d20_white_plus_distractor,5,controlled_d20_white_plus_distractor__5
5,0.0,,,,0,controlled_d20_white_plus_distractor,5,controlled_d20_white_plus_distractor__5
6,0.0,,,,0,controlled_d20_white_plus_distractor,5,controlled_d20_white_plus_distractor__5
7,0.0,,,,0,controlled_d20_white_plus_distractor,5,controlled_d20_white_plus_distractor__5
8,0.0,,,,0,controlled_d20_white_plus_distractor,5,controlled_d20_white_plus_distractor__5
9,0.0,,,,0,controlled_d20_white_plus_distractor,5,controlled_d20_white_plus_distractor__5
10,0.0,,,,0,controlled_d20_white_plus_distractor,5,controlled_d20_white_plus_distractor__5
11,0.0,,,,0,controlled_d20_white_plus_distractor,5,controlled_d20_white_plus_distractor__5
12,0.0,,,,0,controlled_d20_white_plus_distractor,5,controlled_d20_white_plus_distractor__5
13,0.0,,,,0,controlled_d20_white_plus_distractor,5,controlled_d20_white_plus_distractor__5
14,0.0,,,,0,controlled_d20_white_plus_distractor,5,controlled_d20_white_plus_distractor__5
15,0.0,,,,0,controlled_d20_white_plus_distractor,5,controlled_d20_white_plus_distractor__5
16,0.0,,,,0,controlled_d20_white_plus_distractor,5,controlled_d20_white_plus_distractor__5
17,0.0,,,,0,controlled_d20_white_plus_distractor,5,controlled_d20_white_plus_distractor__5
18,0.0,,,,0,controlled_d20_white_plus_distractor,5,controlled_d20_white_plus_distractor__5
0,0.0,0.06019805581339007,0.1462650070047244,0.4645187190859893,0,controlled_d20_white_plus_distractor,6,controlled_d20_white_plus_distractor__6
1,0.0,0.05847809106624947,0.14107018527776424,0.4480206380760205,0,controlled_d20_white_plus_distractor,6,controlled_d20_white_plus_distractor__6
2,0.0034543634936703427,0.0501073390139558,0.12469049474039226,0.3960008623055987,1,controlled_d20_white_plus_distractor,6,controlled_d20_white_plus_distractor__6
3,0.0,0.0527085372159855,0.12949001911133803,0.41124353010885334,0,controlled_d20_white_plus_distractor,6,controlled_d20_white_plus_distractor__6
4,0.0009968107222788625,0.06545430377536188,0.15896151180002915,0.504841173958559,1,controlled_d20_white_plus_distractor,6,controlled_d20_white_plus_distractor__6
5,0.01392941298486805,0.06698996879445736,0.16401592386485178,0.5208933320663991,1,controlled_d20_white_plus_distractor,6,controlled_d20_white_plus_distractor__6
6,0.01567875309938699,0.04725593416701554,0.11792752015403805,0.3745225309097449,1,controlled_d20_white_plus_distractor,6,controlled_d20_white_plus_distractor__6
7,0.04253257016452894,0.03756781262125571,0.09493332812888812,0.30149595507541077,1,controlled_d20_white_plus_distractor,6,controlled_d20_white_plus_distractor__6
8,0.03627863069352921,0.03656591193841653,0.09211273520946292,0.2925381172656325,1,controlled_d20_white_plus_distractor,6,controlled_d20_white_plus_distractor__6
9,0.0024720034273323366,0.04082236848883798,0.0998783696219504,0.3172007664122069,1,controlled_d20_white_plus_distractor,6,controlled_d20_white_plus_distractor__6
10,0.0,0.056391620813596235,0.14134489987312937,0.44889309605189925,0,controlled_d20_white_plus_distractor,6,controlled_d20_white_plus_distractor__6
11,0.02016116824088654,0.05930556732960895,0.14713447399600388,0.46728003364336423,1,controlled_d20_white_plus_distractor,6,controlled_d20_white_plus_distractor__6
12,0.01647637784363787,0.04602956331373236,0.11291323961236907,0.35859782532190293,1,controlled_d20_white_plus_distractor,6,controlled_d20_white_plus_distractor__6
13,0.0,0.03895165167974786,0.10167598505752048,0.3229097602217327,0,controlled_d20_white_plus_distractor,6,controlled_d20_white_plus_distractor__6
14,0.0,0.04651312778952545,0.12262681609438082,0.38944688619824874,0,controlled_d20_white_plus_distractor,6,controlled_d20_white_plus_distractor__6
15,0.0,0.05325936715669365,0.13083942262323334,0.4155290608978786,0,controlled_d20_white_plus_distractor,6,controlled_d20_white_plus_distractor__6
16,0.0,0.05987676575345688,0.1536254301640722,0.48789446977255413,0,controlled_d20_white_plus_distractor,6,controlled_d20_white_plus_distractor__6
17,0.0,0.05122513751287386,0.13912772652472757,0.44185164064925514,0,controlled_d20_white_plus_distractor,6,controlled_d20_white_plus_distractor__6
18,0.01700621939376279,0.0423248198476563,0.11322598309554659,0.3595910581202538,1,controlled_d20_white_plus_distractor,6,controlled_d20_white_plus_distractor__6
0,0.0,,,,0,controlled_d20_white_plus_distractor,7,controlled_d20_white_plus_distractor__7
1,0.0,,,,0,controlled_d20_white_plus_distractor,7,controlled_d20_white_plus_distractor__7
2,0.0,,,,0,controlled_d20_white_plus_distractor,7,controlled_d20_white_plus_distractor__7
3,0.0,,,,0,controlled_d20_white_plus_distractor,7,controlled_d20_white_plus_distractor__7
4,0.0,,,,0,controlled_d20_white_plus_distractor,7,controlled_d20_white_plus_distractor__7
5,0.0,,,,0,controlled_d20_white_plus_distractor,7,controlled_d20_white_plus_distractor__7
6,0.0,,,,0,controlled_d20_white_plus_distractor,7,controlled_d20_white_plus_distractor__7
7,0.0,,,,0,controlled_d20_white_plus_distractor,7,controlled_d20_white_plus_distractor__7
8,0.0,,,,0,controlled_d20_white_plus_distractor,7,controlled_d20_white_plus_distractor__7
9,0.0,,,,0,controlled_d20_white_plus_distractor,7,controlled_d20_white_plus_distractor__7
10,0.0,,,,0,controlled_d20_white_plus_distractor,7,controlled_d20_white_plus_distractor__7
11,0.0,,,,0,controlled_d20_white_plus_distractor,7,controlled_d20_white_plus_distractor__7
12,0.0,,,,0,controlled_d20_white_plus_distractor,7,controlled_d20_white_plus_distractor__7
13,0.0,,,,0,controlled_d20_white_plus_distractor,7,controlled_d20_white_plus_distractor__7
14,0.0,,,,0,controlled_d20_white_plus_distractor,7,controlled_d20_white_plus_distractor__7
15,0.0,,,,0,controlled_d20_white_plus_distractor,7,controlled_d20_white_plus_distractor__7
16,0.0,,,,0,controlled_d20_white_plus_distractor,7,controlled_d20_white_plus_distractor__7
17,0.0,,,,0,controlled_d20_white_plus_distractor,7,controlled_d20_white_plus_distractor__7
18,0.0,,,,0,controlled_d20_white_plus_distractor,7,controlled_d20_white_plus_distractor__7
0,0.040242905729453105,0.06429530519280044,0.16087761844700735,0.5109264805094125,1,controlled_d20_white_plus_distractor,8,controlled_d20_white_plus_distractor__8
1,0.03405881931428889,0.047232169856301603,0.12450555908163696,0.39541353060488965,1,controlled_d20_white_plus_distractor,8,controlled_d20_white_plus_distractor__8
2,0.025375394003737894,0.040248635097241255,0.10582167548372624,0.33607593609622577,1,controlled_d20_white_plus_distractor,8,controlled_d20_white_plus_distractor__8
3,0.021695891198918904,0.04869199037883952,0.12128196787696408,0.3851758224345195,1,controlled_d20_white_plus_distractor,8,controlled_d20_white_plus_distractor__8
4,0.022429119814555865,0.05423136272549872,0.12891992179277173,0.40943297485987157,1,controlled_d20_white_plus_distractor,8,controlled_d20_white_plus_distractor__8
5,0.012646889282380558,0.047691862562257055,0.11435861926902628,0.3631881639165723,1,controlled_d20_white_plus_distractor,8,controlled_d20_white_plus_distractor__8
6,0.011812350940995753,0.041035193486139473,0.10368539816264441,0.3292913959992952,1,controlled_d20_white_plus_distractor,8,controlled_d20_white_plus_distractor__8
7,0.0,0.043555278930279794,0.11106558942203736,0.3527299276113854,0,controlled_d20_white_plus_distractor,8,controlled_d20_white_plus_distractor__8
8,0.0,0.048565920678160235,0.11929091165872284,0.3788524857522484,0,controlled_d20_white_plus_distractor,8,controlled_d20_white_plus_distractor__8
9,0.008773796875415574,0.0489052307907076,0.11866130527965967,0.3768529374343015,1,controlled_d20_white_plus_distractor,8,controlled_d20_white_plus_distractor__8
10,0.0,0.05277016747060059,0.1336334713747428,0.42440259786816076,0,controlled_d20_white_plus_distractor,8,controlled_d20_white_plus_distractor__8
11,0.0,0.05289589391167943,0.131390787888135,0.4172801255704586,0,controlled_d20_white_plus_distractor,8,controlled_d20_white_plus_distractor__8
12,0.0,0.04922584291041564,0.1194509363034944,0.3793607032988354,0,controlled_d20_white_plus_distractor,8,controlled_d20_white_plus_distractor__8
13,0.013458595972703158,0.05097638098495621,0.12783810027825226,0.4059972498392724,1,controlled_d20_white_plus_distractor,8,controlled_d20_white_plus_distractor__8
14,0.0,0.057426605630357286,0.14097685379356126,0.44772422936979495,0,controlled_d20_white_plus_distractor,8,controlled_d20_white_plus_distractor__8
15,0.0,0.061869245026460996,0.14887665849657233,0.47281298598232946,0,controlled_d20_white_plus_distractor,8,controlled_d20_white_plus_distractor__8
16,0.0,0.052875269641680454,0.1361799860755551,0.43248999875220656,0,controlled_d20_white_plus_distractor,8,controlled_d20_white_plus_distractor__8
17,0.01935926853814074,0.04939062701884716,0.1325448879101086,0.4209453977697549,1,controlled_d20_white_plus_distractor,8,controlled_d20_white_plus_distractor__8
18,0.08413322313667349,0.05509260260223483,0.13738435148954842,0.4363149073265559,1,controlled_d20_white_plus_distractor,8,controlled_d20_white_plus_distractor__8
0,0.0,,,,0,controlled_d20_white_plus_distractor,9,controlled_d20_white_plus_distractor__9
1,0.0,,,,0,controlled_d20_white_plus_distractor,9,controlled_d20_white_plus_distractor__9
2,0.0,,,,0,controlled_d20_white_plus_distractor,9,controlled_d20_white_plus_distractor__9
3,0.0,,,,0,controlled_d20_white_plus_distractor,9,controlled_d20_white_plus_distractor__9
4,0.0,,,,0,controlled_d20_white_plus_distractor,9,controlled_d20_white_plus_distractor__9
5,0.0,,,,0,controlled_d20_white_plus_distractor,9,controlled_d20_white_plus_distractor__9
6,0.0,,,,0,controlled_d20_white_plus_distractor,9,controlled_d20_white_plus_distractor__9
7,0.0,,,,0,controlled_d20_white_plus_distractor,9,controlled_d20_white_plus_distractor__9
8,0.0,,,,0,controlled_d20_white_plus_distractor,9,controlled_d20_white_plus_distractor__9
9,0.0,,,,0,controlled_d20_white_plus_distractor,9,controlled_d20_white_plus_distractor__9
10,0.0,,,,0,controlled_d20_white_plus_distractor,9,controlled_d20_white_plus_distractor__9
11,0.0,,,,0,controlled_d20_white_plus_distractor,9,controlled_d20_white_plus_distractor__9
12,0.0,,,,0,controlled_d20_white_plus_distractor,9,controlled_d20_white_plus_distractor__9
13,0.0,,,,0,controlled_d20_white_plus_distractor,9,controlled_d20_white_plus_distractor__9
14,0.0,,,,0,controlled_d20_white_plus_distractor,9,controlled_d20_white_plus_distractor__9
15,0.0,,,,0,controlled_d20_white_plus_distractor,9,controlled_d20_white_plus_distractor__9
16,0.0,,,,0,controlled_d20_white_plus_distractor,9,controlled_d20_white_plus_distractor__9
17,0.0,,,,0,controlled_d20_white_plus_distractor,9,controlled_d20_white_plus_distractor__9
18,0.0,,,,0,controlled_d20_white_plus_distractor,9,controlled_d20_white_plus_distractor__9
0,0.0024632073915213937,0.03791097041080101,0.09326976580059534,0.29621269657303134,1,controlled_d20_white_plus_distractor,10,controlled_d20_white_plus_distractor__10
1,0.0,0.0420097917573185,0.10422332436221764,0.33099977994091995,0,controlled_d20_white_plus_distractor,10,controlled_d20_white_plus_distractor__10
2,0.0,0.03802639898288032,0.09791577928472833,0.31096783368136227,0,controlled_d20_white_plus_distractor,10,controlled_d20_white_plus_distractor__10
3,0.0,0.029384812409502158,0.07443605886528976,0.23639928254881107,0,controlled_d20_white_plus_distractor,10,controlled_d20_white_plus_distractor__10
4,0.0,0.025966018993381926,0.0652104488979548,0.20709994012526786,0,controlled_d20_white_plus_distractor,10,controlled_d20_white_plus_distractor__10
5,0.003440951848556306,0.03069451526381844,0.07903497706773184,0.25100485114192395,1,controlled_d20_white_plus_distractor,10,controlled_d20_white_plus_distractor__10
6,0.0,0.035868437382311505,0.09090458133412861,0.2887011770287174,0,controlled_d20_white_plus_distractor,10,controlled_d20_white_plus_distractor__10
7,0.0,0.042009749587616586,0.11182446798659795,0.3551400276480952,0,controlled_d20_white_plus_distractor,10,controlled_d20_white_plus_distractor__10
8,0.0,0.04264726397525079,0.11358426000866888,0.3607288991949562,0,controlled_d20_white_plus_distractor,10,controlled_d20_white_plus_distractor__10
9,0.008855750258428219,0.033844198587453585,0.08849680338211394,0.2810543860906961,1,controlled_d20_white_plus_distractor,10,controlled_d20_white_plus_distractor__10
10,0.01675453998389065,0.034650080090312445,0.08838160981374941,0.2806885462365887,1,controlled_d20_white_plus_distractor,10,controlled_d20_white_plus_distractor__10
11,0.0,0.04230943169165282,0.10929406254847246,0.34710378769599026,0,controlled_d20_white_plus_distractor,10,controlled_d20_white_plus_distractor__10
12,0.0,0.040957272427305944,0.1110059998058605,0.3525406787080133,0,controlled_d20_white_plus_distractor,10,controlled_d20_white_plus_distractor__10
13,4.557573564623052e-05,0.039800837215384285,0.1023367475086318,0.32500825618940044,1,controlled_d20_white_plus_distractor,10,controlled_d20_white_plus_distractor__10
14,0.008513240333226979,0.039273789960290725,0.09974012029344183,0.3167617044498931,1,controlled_d20_white_plus_distractor,10,controlled_d20_white_plus_distractor__10
15,0.009801760088974598,0.030042612530839806,0.07829238244093605,0.24864646678257968,1,controlled_d20_white_plus_distractor,10,controlled_d20_white_plus_distractor__10
16,0.010092838264257109,0.028236724803501045,0.06999224229244706,0.2222862966436909,1,controlled_d20_white_plus_distractor,10,controlled_d20_white_plus_distractor__10
17,0.0,0.0315643588409902,0.08024737252711571,0.2548552621004417,0,controlled_d20_white_plus_distractor,10,controlled_d20_white_plus_distractor__10
18,0.0,0.030713612518654145,0.07725196539247826,0.24534223698379243,0,controlled_d20_white_plus_distractor,10,controlled_d20_white_plus_distractor__10
0,0.0,,,,0,controlled_d20_white_plus_distractor,11,controlled_d20_white_plus_distractor__11
1,0.0,,,,0,controlled_d20_white_plus_distractor,11,controlled_d20_white_plus_distractor__11
2,0.0,,,,0,controlled_d20_white_plus_distractor,11,controlled_d20_white_plus_distractor__11
3,0.0,,,,0,controlled_d20_white_plus_distractor,11,controlled_d20_white_plus_distractor__11
4,0.0,,,,0,controlled_d20_white_plus_distractor,11,controlled_d20_white_plus_distractor__11
5,0.0,,,,0,controlled_d20_white_plus_distractor,11,controlled_d20_white_plus_distractor__11
6,0.0,,,,0,controlled_d20_white_plus_distractor,11,controlled_d20_white_plus_distractor__11
7,0.0,,,,0,controlled_d20_white_plus_distractor,11,controlled_d20_white_plus_distractor__11
8,0.0,,,,0,controlled_d20_white_plus_distractor,11,controlled_d20_white_plus_distractor__11
9,0.0,,,,0,controlled_d20_white_plus_distractor,11,controlled_d20_white_plus_distractor__11
10,0.0,,,,0,controlled_d20_white_plus_distractor,11,controlled_d20_white_plus_distractor__11
11,0.0,,,,0,controlled_d20_white_plus_distractor,11,controlled_d20_white_plus_distractor__11
12,0.0,,,,0,controlled_d20_white_plus_distractor,11,controlled_d20_white_plus_distractor__11
13,0.0,,,,0,controlled_d20_white_plus_distractor,11,controlled_d20_white_plus_distractor__11
14,0.0,,,,0,controlled_d20_white_plus_distractor,11,controlled_d20_white_plus_distractor__11
15,0.0,,,,0,controlled_d20_white_plus_distractor,11,controlled_d20_white_plus_distractor__11
16,0.0,,,,0,controlled_d20_white_plus_distractor,11,controlled_d20_white_plus_distractor__11
17,0.0,,,,0,controlled_d20_white_plus_distractor,11,controlled_d20_white_plus_distractor__11
18,0.0,,,,0,controlled_d20_white_plus_distractor,11,controlled_d20_white_plus_distractor__11
0,0.0,0.19441832041076207,0.5151353868899381,1.6360032722403015,0,memory_d10,0,memory_d10__0
1,0.0,0.20777874608766972,0.5250743609318342,1.6675681665750168,0,memory_d10,0,memory_d10__0
2,0.0,0.15409744870736672,0.37227793145720084,1.1823064956260871,0,memory_d10,0,memory_d10__0
3,0.0,0.15642726177638477,0.3958598335562923,1.257199562539401,0,memory_d10,0,memory_d10__0
4,0.0,0.1554255571046781,0.39508258451397926,1.2547311202445575,0,memory_d10,0,memory_d10__0
5,0.05079962172343244,0.14819554529013482,0.3617020164879546,1.1487187593979822,1,memory_d10,0,memory_d10__0
6,0.07016714874079033,0.14470849021831927,0.3548069468857339,1.126820911339705,1,memory_d10,0,memory_d10__0
7,0.003477759438521022,0.1652507469633849,0.4000106193420794,1.2703819206160112,1,memory_d10,0,memory_d10__0
8,0.013911049146711929,0.1762436920255572,0.425845880074931,1.3524313627118172,1,memory_d10,0,memory_d10__0
9,0.0,0.1443013138730482,0.3542470384749979,1.1250427147424003,0,memory_d10,0,memory_d10__0
10,0.0,0.12328006284840697,0.30154610553925804,0.957671377173218,0,memory_d10,0,memory_d10__0
11,0.0,0.1456601902635393,0.35492946624596156,1.1272100169599875,0,memory_d10,0,memory_d10__0
12,0.0,0.15052030939186598,0.3596316765108141,1.1421436277656927,0,memory_d10,0,memory_d10__0
13,0.0006315237772772653,0.1357016358867646,0.3518401546850129,1.1173987635471798,1,memory_d10,0,memory_d10__0
14,0.05437321298752429,0.1521378390266572,0.37805937546636903,1.200667613029373,1,memory_d10,0,memory_d10__0
15,0.01332634048258241,0.14693249245278844,0.3546558975229089,1.126341198126168,1,memory_d10,0,memory_d10__0
16,0.0,0.15863127179606595,0.3983336975658169,1.265056234237097,0,memory_d10,0,memory_d10__0
17,0.05813951346489388,0.16939045059455837,0.43408368378346485,1.3785935603907629,1,memory_d10,0,memory_d10__0
18,0.10364584688185696,0.16995148417227895,0.42913213690726637,1.3628680887996552,1,memory_d10,0,memory_d10__0
0,0.0,0.10302070854210367,0.2523134087267478,0.801314708351142,0,memory_d10,1,memory_d10__1
1,0.0,0.0939752675258304,0.22760123142213334,0.7228320337699651,0,memory_d10,1,memory_d10__1
2,0.0,0.07934102335537369,0.19475475639217807,0.6185158831071349,0,memory_d10,1,memory_d10__1
3,0.0,0.0903770305968847,0.21482370398463874,0.6822522614792533,0,memory_d10,1,memory_d10__1
4,0.0,0.09011850408719756,0.21834950457025737,0.6934497475035852,0,memory_d10,1,memory_d10__1
5,0.0,0.07686093852330113,0.20177177063299553,0.6408010115442284,0,memory_d10,1,memory_d10__1
6,0.0,0.0910458026845095,0.2442179928887662,0.7756047161080475,0,memory_d10,1,memory_d10__1
7,0.0,0.09937759117237684,0.25203187810697475,0.8004206035645048,0,memory_d10,1,memory_d10__1
8,0.0,0.103978889127172,0.2467426569174472,0.7836227220873416,0,memory_d10,1,memory_d10__1
9,0.0,0.10857071620022599,0.2554722073831573,0.8113466437796789,0,memory_d10,1,memory_d10__1
10,0.0,0.11331950137236327,0.26378354694925604,0.8377423818184306,0,memory_d10,1,memory_d10__1
11,0.0002856153190696764,0.1141753232762308,0.27442061090626546,0.8715243193121072,1,memory_d10,1,memory_d10__1
12,0.03058566745588842,0.093672138087979,0.24206647617889732,0.7687717776860221,1,memory_d10,1,memory_d10__1
13,0.0,0.08322927110062245,0.20786241612506534,0.6601441128117226,0,memory_d10,1,memory_d10__1
14,0.0,0.10346938465450688,0.2512994041253658,0.7980943610635228,0,memory_d10,1,memory_d10__1
15,0.0,0.10739037892027993,0.26411506926875616,0.8387952537688462,0,memory_d10,1,memory_d10__1
16,0.0,0.10107502425953489,0.2582100988337758,0.8200418324354093,0,memory_d10,1,memory_d10__1
17,0.0,0.09912402540754443,0.25784771556911423,0.818890950120042,0,memory_d10,1,memory_d10__1
18,0.0,0.09497836183512978,0.24652437661936238,0.7829294921306726,0,memory_d10,1,memory_d10__1
0,0.0,,,,0,memory_d10,2,memory_d10__2
1,0.0,,,,0,memory_d10,2,memory_d10__2
2,0.0,,,,0,memory_d10,2,memory_d10__2
3,0.0,,,,0,memory_d10,2,memory_d10__2
4,0.0,,,,0,memory_d10,2,memory_d10__2
5,0.0,,,,0,memory_d10,2,memory_d10__2
6,0.0,,,,0,memory_d10,2,memory_d10__2
7,0.0,,,,0,memory_d10,2,memory_d10__2
8,0.0,,,,0,memory_d10,2,memory_d10__2
9,0.0,,,,0,memory_d10,2,memory_d10__2
10,0.0,,,,0,memory_d10,2,memory_d10__2
11,0.0,,,,0,memory_d10,2,memory_d10__2
12,0.0,,,,0,memory_d10,2,memory_d10__2
13,0.0,,,,0,memory_d10,2,memory_d10__2
14,0.0,,,,0,memory_d10,2,memory_d10__2
15,0.0,,,,0,memory_d10,2,memory_d10__2
16,0.0,,,,0,memory_d10,2,memory_d10__2
17,0.0,,,,0,memory_d10,2,memory_d10__2
18,0.0,,,,0,memory_d10,2,memory_d10__2
0,0.0,,,,0,memory_d10,3,memory_d10__3
1,0.0,,,,0,memory_d10,3,memory_d10__3
2,0.0,,,,0,memory_d10,3,memory_d10__3
3,0.0,,,,0,memory_d10,3,memory_d10__3
4,0.0,,,,0,memory_d10,3,memory_d10__3
5,0.0,,,,0,memory_d10,3,memory_d10__3
6,0.0,,,,0,memory_d10,3,memory_d10__3
7,0.0,,,,0,memory_d10,3,memory_d10__3
8,0.0,,,,0,memory_d10,3,memory_d10__3
9,0.0,,,,0,memory_d10,3,memory_d10__3
10,0.0,,,,0,memory_d10,3,memory_d10__3
11,0.0,,,,0,memory_d10,3,memory_d10__3
12,0.0,,,,0,memory_d10,3,memory_d10__3
13,0.0,,,,0,memory_d10,3,memory_d10__3
14,0.0,,,,0,memory_d10,3,memory_d10__3
15,0.0,,,,0,memory_d10,3,memory_d10__3
16,0.0,,,,0,memory_d10,3,memory_d10__3
17,0.0,,,,0,memory_d10,3,memory_d10__3
18,0.0,,,,0,memory_d10,3,memory_d10__3
0,0.028238673684195637,0.16429016694926593,0.41497971910488246,1.3179218427756778,1,memory_d10,4,memory_d10__4
1,0.001027228793890167,0.16786663712448105,0.4046111641330408,1.284992655043598,1,memory_d10,4,memory_d10__4
2,0.0,0.14800678028200434,0.367538631221062,1.1672550918751952,0,memory_d10,4,memory_d10__4
3,0.0,0.1478499497601338,0.36368384546261767,1.1550127915496933,0,memory_d10,4,memory_d10__4
4,0.0,0.13587530635731562,0.3393029510271996,1.077582228455779,0,memory_d10,4,memory_d10__4
5,0.0,0.14819597142085178,0.3758631961755585,1.1936928320346438,0,memory_d10,4,memory_d10__4
6,0.0,0.17111540420893395,0.41611320351281444,1.3215216424547596,0,memory_d10,4,memory_d10__4
7,0.0,0.19894708319990875,0.47791903840489575,1.5178089694377777,0,memory_d10,4,memory_d10__4
8,0.0,0.19985571402203492,0.4714509867295259,1.4972672750109777,0,memory_d10,4,memory_d10__4
9,0.0,0.15737480292786504,0.37878709705094105,1.202978762532861,0,memory_d10,4,memory_d10__4
10,0.06323996957773881,0.1428188096371993,0.3702294032459478,1.1758006353373576,1,memory_d10,4,memory_d10__4
11,0.043755797021654996,0.15147317765018983,0.3825764958048024,1.2150134022002481,1,memory_d10,4,memory_d10__4
12,0.0,0.18225439696870716,0.4498481289745272,1.4286593966233283,0,memory_d10,4,memory_d10__4
13,0.0,0.200193928255268,0.4839430293947768,1.536940384638918,0,memory_d10,4,memory_d10__4
14,0.0,0.1803638644311104,0.4345948377254921,1.3802169191097666,0,memory_d10,4,memory_d10__4
15,0.0,0.13802829103712233,0.3533807793525199,1.1222915879608792,0,memory_d10,4,memory_d10__4
16,0.0,0.12255359862659766,0.3328968147758246,1.0572371693967593,0,memory_d10,4,memory_d10__4
17,0.0,0.12305870664618318,0.3434498765874538,1.0907523269560444,0,memory_d10,4,memory_d10__4
18,0.0,0.12791890016517862,0.3365620766944114,1.0688775665525985,0,memory_d10,4,memory_d10__4
0,0.0,,,,0,memory_d10,5,memory_d10__5
1,0.0,,,,0,memory_d10,5,memory_d10__5
2,0.0,,,,0,memory_d10,5,memory_d10__5
3,0.0,,,,0,memory_d10,5,memory_d10__5
4,0.0,,,,0,memory_d10,5,memory_d10__5
5,0.0,,,,0,memory_d10,5,memory_d10__5
6,0.0,,,,0,memory_d10,5,memory_d10__5
7,0.0,,,,0,memory_d10,5,memory_d10__5
8,0.0,,,,0,memory_d10,5,memory_d10__5
9,0.0,,,,0,memory_d10,5,memory_d10__5
10,0.0,,,,0,memory_d10,5,memory_d10__5
11,0.0,,,,0,memory_d10,5,memory_d10__5
12,0.0,,,,0,memory_d10,5,memory_d10__5
13,0.0,,,,0,memory_d10,5,memory_d10__5
14,0.0,,,,0,memory_d10,5,memory_d10__5
15,0.0,,,,0,memory_d10,5,memory_d10__5
16,0.0,,,,0,memory_d10,5,memory_d10__5
17,0.0,,,,0,memory_d10,5,memory_d10__5
18,0.0,,,,0,memory_d10,5,memory_d10__5
0,0.0,0.05418313375362525,0.12945876615866786,0.41114427477882365,0,memory_d10,6,memory_d10__6
1,0.006213430210799786,0.06234809467458872,0.1553362517165112,0.49332781745015647,1,memory_d10,6,memory_d10__6
2,0.0015000606390698223,0.0614616639742093,0.154611987301965,0.49102764747092353,1,memory_d10,6,memory_d10__6
3,0.0,0.06390259369622216,0.1538767728051209,0.4886927014484861,0,memory_d10,6,memory_d10__6
4,0.0,0.066997062440237,0.1632339985348129,0.518410038487376,0,memory_d10,6,memory_d10__6
5,0.0,0.06125138685920103,0.14931636162484024,0.47420942617061346,0,memory_d10,6,memory_d10__6
6,0.0,0.04743483682296014,0.11883135275324597,0.37739298618712114,0,memory_d10,6,memory_d10__6
7,0.0013174416846519765,0.04889226003528391,0.12342973785362978,0.3919968617171403,1,memory_d10,6,memory_d10__6
8,0.0,0.06080570349050733,0.15282809892930407,0.4853622490353697,0,memory_d10,6,memory_d10__6
9,0.0,0.05912222948690033,0.15597854782587953,0.4953676667080727,0,memory_d10,6,memory_d10__6
10,0.0,0.05833756395408779,0.15962765388201874,0.5069567549371661,0,memory_d10,6,memory_d10__6
11,7.44145574450572e-05,0.05859944085210384,0.15595017048957263,0.4952775439631845,1,memory_d10,6,memory_d10__6
12,0.0,0.060044592918907534,0.14655207475806115,0.46543040909169603,0,memory_d10,6,memory_d10__6
13,0.0,0.06619815886610717,0.1711163942004313,0.5434435062518409,0,memory_d10,6,memory_d10__6
14,0.015093151367530089,0.0777206170323294,0.20475581711381732,0.650277956695707,1,memory_d10,6,memory_d10__6
15,0.0,0.08174570336392765,0.20883599971119723,0.6632360881899381,0,memory_d10,6,memory_d10__6
16,0.0,0.06086789168765345,0.1589832043695782,0.5049100667499853,0,memory_d10,6,memory_d10__6
17,0.0,0.05397970978535287,0.13096297360903836,0.4159214428273859,0,memory_d10,6,memory_d10__6
18,0.0,0.06804368359053127,0.165935249893038,0.5269888629550183,0,memory_d10,6,memory_d10__6
0,0.058479345212892886,0.18473101385964705,0.46991906431851116,1.4924020878368436,1,memory_d10,7,memory_d10__7
1,0.0003794585961494068,0.16423023870649725,0.4098940274600075,1.3017703447726892,1,memory_d10,7,memory_d10__7
2,0.059719127854021004,0.16256788938400846,0.3940250799669288,1.2513726227632844,1,memory_d10,7,memory_d10__7
3,0.09281696986977905,0.1596560923171402,0.38945264774936583,1.2368511702278788,1,memory_d10,7,memory_d10__7
4,0.08440485999000802,0.16295228380205695,0.40364182104332696,1.2819141469328061,1,memory_d10,7,memory_d10__7
5,0.10470437758369089,0.17611870207869365,0.4379744066151848,1.3909499922066821,1,memory_d10,7,memory_d10__7
6,0.03116128183830147,0.1551805498576847,0.3888561967496779,1.2349569191007883,1,memory_d10,7,memory_d10__7
7,0.021643675607144863,0.16916282409237351,0.4328010367588082,1.3745200395593993,1,memory_d10,7,memory_d10__7
8,0.03819750827000812,0.17391374201328616,0.4655613309336365,1.4785624909878525,1,memory_d10,7,memory_d10__7
9,0.04811285642394292,0.16187831389236113,0.41428382232035493,1.3157117647154166,1,memory_d10,7,memory_d10__7
10,0.06581887681010645,0.18910556343280738,0.464698440127038,1.4758220615413256,1,memory_d10,7,memory_d10__7
11,0.08376775107122947,0.19313618444838224,0.4680796908478733,1.4865604759161342,1,memory_d10,7,memory_d10__7
12,0.09818125612026896,0.16300994927571671,0.39382011334476646,1.2507216753170565,1,memory_d10,7,memory_d10__7
13,0.047973578029339436,0.16013877939520058,0.37982703710240623,1.206281477450975,1,memory_d10,7,memory_d10__7
14,0.00011151463661862593,0.1733439602575694,0.4342438987869719,1.3791023824920376,1,memory_d10,7,memory_d10__7
15,0.054340455791609066,0.18290631374081626,0.5005185689208298,1.5895821514324768,1,memory_d10,7,memory_d10__7
16,0.029888259161681807,0.18753518222550947,0.5016591183725377,1.593204388775579,1,memory_d10,7,memory_d10__7
17,0.0,0.19481029175964415,0.48090389739997813,1.5272884950293146,0,memory_d10,7,memory_d10__7
18,0.0,0.187085980955859,0.4508187438913582,1.4317419438923218,0,memory_d10,7,memory_d10__7
0,0.0035787102396938053,0.07222014835696094,0.18533651062085726,0.588604754318896,1,memory_d10,8,memory_d10__8
1,0.0,0.07988164033436237,0.19178371114430381,0.6090802281876744,0,memory_d10,8,memory_d10__8
2,0.0,0.08006873590036549,0.18982566294381567,0.6028617206948329,0,memory_d10,8,memory_d10__8
3,0.005417953153438959,0.07912330107878822,0.2034571618961282,0.6461535959165371,1,memory_d10,8,memory_d10__8
4,0.03690772511605844,0.08468433000057415,0.22197569581084342,0.7049660612462391,1,memory_d10,8,memory_d10__8
5,0.02292534213104591,0.08758385264047573,0.2253112988336933,0.7155595044441977,1,memory_d10,8,memory_d10__8
6,0.0008987690750232868,0.08436588024237737,0.2121153592275117,0.673650909295383,1,memory_d10,8,memory_d10__8
7,0.0,0.08608489147705063,0.2085618766414737,0.662365508822887,0,memory_d10,8,memory_d10__8
8,0.0,0.08765462650759333,0.2163337123080611,0.6870478523493422,0,memory_d10,8,memory_d10__8
9,0.0,0.087420056883421,0.21600224624366257,0.6859951590578436,0,memory_d10,8,memory_d10__8
10,0.0017958718629031978,0.09387849522055751,0.23365955143091666,0.7420724734890987,1,memory_d10,8,memory_d10__8
11,0.003043884223908333,0.08201083047049403,0.2033090243541288,0.6456831302688248,1,memory_d10,8,memory_d10__8
12,0.0,0.06580379851544642,0.16266827103563758,0.5166133612188332,0,memory_d10,8,memory_d10__8
13,0.0,0.0723533695172998,0.1739813796424351,0.552542328963938,0,memory_d10,8,memory_d10__8
14,0.0,0.07932827809264618,0.19181162569185845,0.6091688811754222,0,memory_d10,8,memory_d10__8
15,0.0,0.08265833708823304,0.21348645547389478,0.678005333399659,0,memory_d10,8,memory_d10__8
16,0.0,0.08794081834681135,0.2297988669619716,0.7298114396230038,0,memory_d10,8,memory_d10__8
17,0.02303600324831112,0.09424724945114894,0.2502522298375958,0.7947686711478278,1,memory_d10,8,memory_d10__8
18,0.0,0.09600697583437974,0.2506626011547913,0.7960719573029852,0,memory_d10,8,memory_d10__8
0,0.0,,,,0,memory_d10,9,memory_d10__9
1,0.0,,,,0,memory_d10,9,memory_d10__9
2,0.0,,,,0,memory_d10,9,memory_d10__9
3,0.0,,,,0,memory_d10,9,memory_d10__9
4,0.0,,,,0,memory_d10,9,memory_d10__9
5,0.0,,,,0,memory_d10,9,memory_d10__9
6,0.0,,,,0,memory_d10,9,memory_d10__9
7,0.0,,,,0,memory_d10,9,memory_d10__9
8,0.0,,,,0,memory_d10,9,memory_d10__9
9,0.0,,,,0,memory_d10,9,memory_d10__9
10,0.0,,,,0,memory_d10,9,memory_d10__9
11,0.0,,,,0,memory_d10,9,memory_d10__9
12,0.0,,,,0,memory_d10,9,memory_d10__9
13,0.0,,,,0,memory_d10,9,memory_d10__9
14,0.0,,,,0,memory_d10,9,memory_d10__9
15,0.0,,,,0,memory_d10,9,memory_d10__9
16,0.0,,,,0,memory_d10,9,memory_d10__9
17,0.0,,,,0,memory_d10,9,memory_d10__9
18,0.0,,,,0,memory_d10,9,memory_d10__9
0,0.0,,,,0,memory_d10,10,memory_d10__10
1,0.0,,,,0,memory_d10,10,memory_d10__10
2,0.0,,,,0,memory_d10,10,memory_d10__10
3,0.0,,,,0,memory_d10,10,memory_d10__10
4,0.0,,,,0,memory_d10,10,memory_d10__10
5,0.0,,,,0,memory_d10,10,memory_d10__10
6,0.0,,,,0,memory_d10,10,memory_d10__10
7,0.0,,,,0,memory_d10,10,memory_d10__10
8,0.0,,,,0,memory_d10,10,memory_d10__10
9,0.0,,,,0,memory_d10,10,memory_d10__10
10,0.0,,,,0,memory_d10,10,memory_d10__10
11,0.0,,,,0,memory_d10,10,memory_d10__10
12,0.0,,,,0,memory_d10,10,memory_d10__10
13,0.0,,,,0,memory_d10,10,memory_d10__10
14,0.0,,,,0,memory_d10,10,memory_d10__10
15,0.0,,,,0,memory_d10,10,memory_d10__10
16,0.0,,,,0,memory_d10,10,memory_d10__10
17,0.0,,,,0,memory_d10,10,memory_d10__10
18,0.0,,,,0,memory_d10,10,memory_d10__10
0,0.0,,,,0,memory_d10,11,memory_d10__11
1,0.0,,,,0,memory_d10,11,memory_d10__11
2,0.0,,,,0,memory_d10,11,memory_d10__11
3,0.0,,,,0,memory_d10,11,memory_d10__11
4,0.0,,,,0,memory_d10,11,memory_d10__11
5,0.0,,,,0,memory_d10,11,memory_d10__11
6,0.0,,,,0,memory_d10,11,memory_d10__11
7,0.0,,,,0,memory_d10,11,memory_d10__11
8,0.0,,,,0,memory_d10,11,memory_d10__11
9,0.0,,,,0,memory_d10,11,memory_d10__11
10,0.0,,,,0,memory_d10,11,memory_d10__11
11,0.0,,,,0,memory_d10,11,memory_d10__11
12,0.0,,,,0,memory_d10,11,memory_d10__11
13,0.0,,,,0,memory_d10,11,memory_d10__11
14,0.0,,,,0,memory_d10,11,memory_d10__11
15,0.0,,,,0,memory_d10,11,memory_d10__11
16,0.0,,,,0,memory_d10,11,memory_d10__11
17,0.0,,,,0,memory_d10,11,memory_d10__11
18,0.0,,,,0,memory_d10,11,memory_d10__11
0,0.0,0.06748089422265578,0.1778594499644506,0.5648585780476976,0,narma10,0,narma10__0
1,0.0,0.0739487135058892,0.18801922963278833,0.5971247224548809,0,narma10,0,narma10__0
2,0.0,0.09227101744511591,0.23144205230682788,0.7350299834650648,0,narma10,0,narma10__0
3,0.0,0.09323221059704911,0.23769722680669464,0.7548956075527428,0,narma10,0,narma10__0
4,0.007219160264970603,0.0697927494758153,0.17297771547195362,0.5493548215456427,1,narma10,0,narma10__0
5,0.002295306082537474,0.07989430566638944,0.19735752537535364,0.6267819403063282,1,narma10,0,narma10__0
6,0.0,0.08569550597607763,0.20638203853887213,0.6554426253255198,0,narma10,0,narma10__0
7,0.017319137022155096,0.08107754436983998,0.1944513399501506,0.6175522717835072,1,narma10,0,narma10__0
8,0.025789533006963183,0.07763870532465168,0.1920012765936397,0.6097711878772986,1,narma10,0,narma10__0
9,0.015610051599351471,0.06441561204887297,0.15991123534531307,0.5078573729372169,1,narma10,0,narma10__0
10,0.0,0.06996430924930616,0.1789957244707448,0.5684672387178249,0,narma10,0,narma10__0
11,0.0,0.10282026287734616,0.25420289809970664,0.8073154818869823,0,narma10,0,narma10__0
12,0.0,0.12175082036837445,0.2918644344787133,0.9269236437832961,0,narma10,0,narma10__0
13,0.0,0.09853653850819322,0.24676648022062642,0.7836983818128209,0,narma10,0,narma10__0
14,0.0,0.08202191636092367,0.2055857266674336,0.6529136419542501,0,narma10,0,narma10__0
15,0.0,0.08859822531352583,0.21932934320047306,0.6965615880917039,0,narma10,0,narma10__0
16,0.03019989498206499,0.08699830579029788,0.22054523697142997,0.7004231092347022,1,narma10,0,narma10__0
17,0.06423608825827565,0.08873413662908655,0.22201980843445135,0.7051061572256773,1,narma10,0,narma10__0
18,0.06020179168711948,0.09307793857027473,0.2288085199663786,0.7266662258274125,1,narma10,0,narma10__0
0,0.09549705211910209,0.1300157335477925,0.3470179119886078,1.102083945284574,1,narma10,1,narma10__1
1,0.001181023084769306,0.12443570367481613,0.3243701922396073,1.030157720526766,1,narma10,1,narma10__1
2,0.0,0.10578905555315081,0.26588219123902723,0.8444074042818701,0,narma10,1,narma10__1
3,0.0,0.10136801125355048,0.2643576865572551,0.8395657748551234,0,narma10,1,narma10__1
4,0.0,0.10213694471707173,0.25432576140764185,0.8077056798406381,0,narma10,1,narma10__1
5,0.0,0.12612105431988152,0.2968453353993305,0.9427423400177588,0,narma10,1,narma10__1
6,0.03639934008351142,0.13548063719535416,0.3259706785991953,1.0352406579216715,1,narma10,1,narma10__1
7,0.03471858502659664,0.12937607039221852,0.3060146863734266,0.9718630111650238,1,narma10,1,narma10__1
8,0.0,0.13194561215988979,0.31507409429837285,1.0006345174271987,0,narma10,1,narma10__1
9,0.0,0.14619920479768161,0.35844621699499135,1.1383787618753791,0,narma10,1,narma10__1
10,0.0,0.12824947165094658,0.3222605611954502,1.02345780555432,0,narma10,1,narma10__1
11,0.0,0.12230385597612549,0.31395346397383805,0.9970755406522206,0,narma10,1,narma10__1
12,0.0,0.15202141288713994,0.373669456720627,1.186725799642675,0,narma10,1,narma10__1
13,0.0,0.14534771527254245,0.3468356470335868,1.1015050953930352,0,narma10,1,narma10__1
14,0.0,0.11763065804561817,0.27912144455278426,0.8864535581562736,0,narma10,1,narma10__1
15,0.0,0.11959311352811486,0.29325349909256826,0.9313351330955327,0,narma10,1,narma10__1
16,0.0,0.13217672351730508,0.33335029306082475,1.0586773576987674,0,narma10,1,narma10__1
17,0.0,0.11685371747149531,0.31186239654878306,0.9904345813298202,0,narma10,1,narma10__1
18,0.0,0.11259438711739297,0.30041360973561543,0.954074717173321,0,narma10,1,narma10__1
0,0.0,,,,0,narma10,2,narma10__2
1,0.0,,,,0,narma10,2,narma10__2
2,0.0,,,,0,narma10,2,narma10__2
3,0.0,,,,0,narma10,2,narma10__2
4,0.0,,,,0,narma10,2,narma10__2
5,0.0,,,,0,narma10,2,narma10__2
6,0.0,,,,0,narma10,2,narma10__2
7,0.0,,,,0,narma10,2,narma10__2
8,0.0,,,,0,narma10,2,narma10__2
9,0.0,,,,0,narma10,2,narma10__2
10,0.0,,,,0,narma10,2,narma10__2
11,0.0,,,,0,narma10,2,narma10__2
12,0.0,,,,0,narma10,2,narma10__2
13,0.0,,,,0,narma10,2,narma10__2
14,0.0,,,,0,narma10,2,narma10__2
15,0.0,,,,0,narma10,2,narma10__2
16,0.0,,,,0,narma10,2,narma10__2
17,0.0,,,,0,narma10,2,narma10__2
18,0.0,,,,0,narma10,2,narma10__2
0,0.0,,,,0,narma10,3,narma10__3
1,0.0,,,,0,narma10,3,narma10__3
2,0.0,,,,0,narma10,3,narma10__3
3,0.0,,,,0,narma10,3,narma10__3
4,0.0,,,,0,narma10,3,narma10__3
5,0.0,,,,0,narma10,3,narma10__3
6,0.0,,,,0,narma10,3,narma10__3
7,0.0,,,,0,narma10,3,narma10__3
8,0.0,,,,0,narma10,3,narma10__3
9,0.0,,,,0,narma10,3,narma10__3
10,0.0,,,,0,narma10,3,narma10__3
11,0.0,,,,0,narma10,3,narma10__3
12,0.0,,,,0,narma10,3,narma10__3
13,0.0,,,,0,narma10,3,narma10__3
14,0.0,,,,0,narma10,3,narma10__3
15,0.0,,,,0,narma10,3,narma10__3
16,0.0,,,,0,narma10,3,narma10__3
17,0.0,,,,0,narma10,3,narma10__3
18,0.0,,,,0,narma10,3,narma10__3
0,0.04258040126590246,0.09506558464653939,0.2430221505008818,0.7718068755607811,1,narma10,4,narma10__4
1,0.0,0.10818291748059271,0.2680428666819146,0.8512694296537914,0,narma10,4,narma10__4
2,0.0,0.1091877774146453,0.2710945024829743,0.860961029732677,0,narma10,4,narma10__4
3,0.0649968034291235,0.10705012760870364,0.2717363729668044,0.8629995272590076,1,narma10,4,narma10__4
4,0.0662802286588412,0.12102777310456563,0.3115657329746089,0.9894924162399137,1,narma10,4,narma10__4
5,0.05354817411115531,0.12050091699015085,0.3061643637446596,0.9723383671109551,1,narma10,4,narma10__4
6,0.06149887037377988,0.11086605184287596,0.27934460689415064,0.8871622928501192,1,narma10,4,narma10__4
7,0.03483219947410077,0.08869516591905449,0.2375387363944534,0.7543922625299698,1,narma10,4,narma10__4
8,0.019484347774148758,0.08121281392330493,0.21648150355527354,0.6875172182096608,1,narma10,4,narma10__4
9,0.027560905427560622,0.1068327837817663,0.2651194933456475,0.8419851745514819,1,narma10,4,narma10__4
10,0.0,0.13613439435114877,0.3220667843585981,1.0228423954170198,0,narma10,4,narma10__4
11,0.0,0.13139192984240486,0.313367225230929,0.9952137223300446,0,narma10,4,narma10__4
12,0.08656427190513538,0.09882403554591614,0.24092792640260438,0.7651558910530551,1,narma10,4,narma10__4
13,0.0,0.09767323555885676,0.23675990167379699,0.751918784326073,0,narma10,4,narma10__4
14,0.0,0.10427514888988573,0.26628323708687723,0.8456810739541526,0,narma10,4,narma10__4
15,0.0,0.10408615451479761,0.2794327776931902,0.8874423118886395,0,narma10,4,narma10__4
16,0.0,0.11209130948784453,0.29406939153321016,0.9339263018186624,0,narma10,4,narma10__4
17,0.0,0.11419697335184574,0.2916635207001533,0.9262855676434552,0,narma10,4,narma10__4
18,0.0,0.12327301873884497,0.30689161320162384,0.9746480171983072,0,narma10,4,narma10__4
0,0.0,,,,0,narma10,5,narma10__5
1,0.0,,,,0,narma10,5,narma10__5
2,0.0,,,,0,narma10,5,narma10__5
3,0.0,,,,0,narma10,5,narma10__5
4,0.0,,,,0,narma10,5,narma10__5
5,0.0,,,,0,narma10,5,narma10__5
6,0.0,,,,0,narma10,5,narma10__5
7,0.0,,,,0,narma10,5,narma10__5
8,0.0,,,,0,narma10,5,narma10__5
9,0.0,,,,0,narma10,5,narma10__5
10,0.0,,,,0,narma10,5,narma10__5
11,0.0,,,,0,narma10,5,narma10__5
12,0.0,,,,0,narma10,5,narma10__5
13,0.0,,,,0,narma10,5,narma10__5
14,0.0,,,,0,narma10,5,narma10__5
15,0.0,,,,0,narma10,5,narma10__5
16,0.0,,,,0,narma10,5,narma10__5
17,0.0,,,,0,narma10,5,narma10__5
18,0.0,,,,0,narma10,5,narma10__5
0,0.0,,,,0,narma10,6,narma10__6
1,0.0,,,,0,narma10,6,narma10__6
2,0.0,,,,0,narma10,6,narma10__6
3,0.0,,,,0,narma10,6,narma10__6
4,0.0,,,,0,narma10,6,narma10__6
5,0.0,,,,0,narma10,6,narma10__6
6,0.0,,,,0,narma10,6,narma10__6
7,0.0,,,,0,narma10,6,narma10__6
8,0.0,,,,0,narma10,6,narma10__6
9,0.0,,,,0,narma10,6,narma10__6
10,0.0,,,,0,narma10,6,narma10__6
11,0.0,,,,0,narma10,6,narma10__6
12,0.0,,,,0,narma10,6,narma10__6
13,0.0,,,,0,narma10,6,narma10__6
14,0.0,,,,0,narma10,6,narma10__6
15,0.0,,,,0,narma10,6,narma10__6
16,0.0,,,,0,narma10,6,narma10__6
17,0.0,,,,0,narma10,6,narma10__6
18,0.0,,,,0,narma10,6,narma10__6
0,0.0,,,,0,narma10,7,narma10__7
1,0.0,,,,0,narma10,7,narma10__7
2,0.0,,,,0,narma10,7,narma10__7
3,0.0,,,,0,narma10,7,narma10__7
4,0.0,,,,0,narma10,7,narma10__7
5,0.0,,,,0,narma10,7,narma10__7
6,0.0,,,,0,narma10,7,narma10__7
7,0.0,,,,0,narma10,7,narma10__7
8,0.0,,,,0,narma10,7,narma10__7
9,0.0,,,,0,narma10,7,narma10__7
10,0.0,,,,0,narma10,7,narma10__7
11,0.0,,,,0,narma10,7,narma10__7
12,0.0,,,,0,narma10,7,narma10__7
13,0.0,,,,0,narma10,7,narma10__7
14,0.0,,,,0,narma10,7,narma10__7
15,0.0,,,,0,narma10,7,narma10__7
16,0.0,,,,0,narma10,7,narma10__7
17,0.0,,,,0,narma10,7,narma10__7
18,0.0,,,,0,narma10,7,narma10__7
0,0.0,,,,0,narma10,8,narma10__8
1,0.0,,,,0,narma10,8,narma10__8
2,0.0,,,,0,narma10,8,narma10__8
3,0.0,,,,0,narma10,8,narma10__8
4,0.0,,,,0,narma10,8,narma10__8
5,0.0,,,,0,narma10,8,narma10__8
6,0.0,,,,0,narma10,8,narma10__8
7,0.0,,,,0,narma10,8,narma10__8
8,0.0,,,,0,narma10,8,narma10__8
9,0.0,,,,0,narma10,8,narma10__8
10,0.0,,,,0,narma10,8,narma10__8
11,0.0,,,,0,narma10,8,narma10__8
12,0.0,,,,0,narma10,8,narma10__8
13,0.0,,,,0,narma10,8,narma10__8
14,0.0,,,,0,narma10,8,narma10__8
15,0.0,,,,0,narma10,8,narma10__8
16,0.0,,,,0,narma10,8,narma10__8
17,0.0,,,,0,narma10,8,narma10__8
18,0.0,,,,0,narma10,8,narma10__8
0,0.006189465255471038,0.07749911163393454,0.20460611271319223,0.6498025149079275,1,narma10,9,narma10__9
1,0.0,0.08476760209551797,0.21577844688859615,0.6852844012909884,0,narma10,9,narma10__9
2,0.0,0.07225208833720097,0.18036713534488935,0.572822662039123,0,narma10,9,narma10__9
3,0.042088469690443664,0.08441831028182256,0.20323763729167185,0.6454564142039856,1,narma10,9,narma10__9
4,0.0,0.07483711205388811,0.18841465810711383,0.5983805520763698,0,narma10,9,narma10__9
5,0.0,0.06536881354905429,0.16673718928863332,0.5295357186141747,0,narma10,9,narma10__9
6,0.0,0.07586248709977614,0.18306500926283334,0.5813907601938537,0,narma10,9,narma10__9
7,0.06534946689632581,0.08033132685684541,0.19241021074608866,0.6110699097833521,1,narma10,9,narma10__9
8,0.049471733913825644,0.07542488195803172,0.17836903579170696,0.5664769566372795,1,narma10,9,narma10__9
9,0.028967027327333805,0.06382637510773563,0.15977048529174623,0.5074103689959937,1,narma10,9,narma10__9
10,0.024468887512028303,0.06177647177298919,0.1656258734774191,0.526006323527156,1,narma10,9,narma10__9
11,0.0,0.06230823338291458,0.16548830144791848,0.525569412578773,0,narma10,9,narma10__9
12,0.0,0.06537294763972483,0.164213941771005,0.521522211290528,0,narma10,9,narma10__9
13,0.0,0.07334563509983698,0.17684028120068418,0.5616218300491695,0,narma10,9,narma10__9
14,0.0,0.07231591849627679,0.17498817791752233,0.555739789892555,0,narma10,9,narma10__9
15,0.0,0.06324692344773218,0.14960213150197452,0.47511699428959275,0,narma10,9,narma10__9
16,0.0,0.06407223359762602,0.15965507459322933,0.5070438395646434,0,narma10,9,narma10__9
17,0.0,0.061643976447329434,0.16457738634180297,0.5226764641767317,0,narma10,9,narma10__9
18,0.009808036721020597,0.05939853412266603,0.1587616660826077,0.5042064898425661,1,narma10,9,narma10__9
0,0.0,0.04518367193799713,0.1124074866267017,0.35699161934080614,0,narma10,10,narma10__10
1,0.008695737856739716,0.04494105766595302,0.1141844658620837,0.36263507525118244,1,narma10,10,narma10__10
2,0.016381426214807204,0.046188594906133265,0.11727181336271837,0.37244009106280324,1,narma10,10,narma10__10
3,0.0,0.04422134087973153,0.11322439766565168,0.35958602300024045,0,narma10,10,narma10__10
4,0.0,0.045120627085223276,0.11388630404460565,0.36168815193458365,0,narma10,10,narma10__10
5,0.0,0.04715440021111191,0.11638881886182839,0.36963581488688824,0,narma10,10,narma10__10
6,0.0,0.04553110532862169,0.11361327278697453,0.3608210400213347,0,narma10,10,narma10__10
7,0.0,0.0463296792561077,0.11845371851779647,0.37619366876372434,0,narma10,10,narma10__10
8,0.0,0.045254010458850615,0.11378206916322499,0.361357115451049,0,narma10,10,narma10__10
9,0.01649939785557908,0.04253713756907096,0.10053992489056017,0.3193017802655699,1,narma10,10,narma10__10
10,0.025729243667392376,0.043641222706019694,0.10471964683742734,0.3325760358421728,1,narma10,10,narma10__10
11,0.0,0.04609884469363908,0.11534827237283166,0.36633117400171344,0,narma10,10,narma10__10
12,0.011143540456935441,0.045790325451620234,0.11385913071008809,0.36160185294344505,1,narma10,10,narma10__10
13,0.010476103541222581,0.04431295151403733,0.11450283366839863,0.363646170171397,1,narma10,10,narma10__10
14,0.015402582067418957,0.04321855754341061,0.11546296837909308,0.36669543366302204,1,narma10,10,narma10__10
15,0.012506133631720262,0.041697007734506256,0.10734953678843087,0.3409282257226808,1,narma10,10,narma10__10
16,0.0,0.04726705173191851,0.11457990678826786,0.3638909444181617,0,narma10,10,narma10__10
17,0.0,0.05927342969021292,0.1530414776469668,0.4860399122074345,0,narma10,10,narma10__10
18,0.028058403193120363,0.05269745370875937,0.14525327481906733,0.4613055886964057,1,narma10,10,narma10__10
0,0.0,,,,0,narma10,11,narma10__11
1,0.0,,,,0,narma10,11,narma10__11
2,0.0,,,,0,narma10,11,narma10__11
3,0.0,,,,0,narma10,11,narma10__11
4,0.0,,,,0,narma10,11,narma10__11
5,0.0,,,,0,narma10,11,narma10__11
6,0.0,,,,0,narma10,11,narma10__11
7,0.0,,,,0,narma10,11,narma10__11
8,0.0,,,,0,narma10,11,narma10__11
9,0.0,,,,0,narma10,11,narma10__11
10,0.0,,,,0,narma10,11,narma10__11
11,0.0,,,,0,narma10,11,narma10__11
12,0.0,,,,0,narma10,11,narma10__11
13,0.0,,,,0,narma10,11,narma10__11
14,0.0,,,,0,narma10,11,narma10__11
15,0.0,,,,0,narma10,11,narma10__11
16,0.0,,,,0,narma10,11,narma10__11
17,0.0,,,,0,narma10,11,narma10__11
18,0.0,,,,0,narma10,11,narma10__11
0,0.3117535622002471,0.07121732516907456,0.49799221781401093,0.57049994173169,1,lorenz_x,0,lorenz_x__0
1,0.001263269567991148,0.0018009100766668952,0.0018789799883137217,0.007467359604822578,1,lorenz_x,0,lorenz_x__0
2,0.0002800953679393968,0.001406205873320167,0.001673789366083649,0.0052426102418350485,1,lorenz_x,0,lorenz_x__0
3,0.0005419798520811058,0.0013709125594795956,0.0012928130753165827,0.0051121430206120325,1,lorenz_x,0,lorenz_x__0
4,0.0007498696483892193,0.001536430504313032,0.0018665051772381496,0.0056744973659828245,1,lorenz_x,0,lorenz_x__0
5,0.000536234114268643,0.001562561199785967,0.0019080017182650586,0.005925044143782993,1,lorenz_x,0,lorenz_x__0
6,0.0008127954997212631,0.001631148213558102,0.0020688646232764757,0.005980459009070742,1,lorenz_x,0,lorenz_x__0
7,0.0013705420474001261,0.0020336810839844837,0.003413614440312472,0.008298053923708068,1,lorenz_x,0,lorenz_x__0
8,0.0020059706327739575,0.004445605630181226,0.007608951502559053,0.020334694483898578,1,lorenz_x,0,lorenz_x__0
9,0.001213454382345049,0.004684701361333051,0.007506732699770215,0.020814538987206695,1,lorenz_x,0,lorenz_x__0
10,0.0014991084092697204,0.0032805347149572443,0.004864547334816676,0.013521713077852892,1,lorenz_x,0,lorenz_x__0
11,0.0010917057820612887,0.0022748377093025915,0.004091334899061345,0.011103501946048547,1,lorenz_x,0,lorenz_x__0
12,0.0011719011805399605,0.0012352091839265733,0.002891288670524129,0.004272434293453447,1,lorenz_x,0,lorenz_x__0
13,0.0011750633573658392,0.001243351329984989,0.002896712054362837,0.004559332079867681,1,lorenz_x,0,lorenz_x__0
14,0.001304366507411064,0.000970728370387833,0.0010153314572778917,0.004503399689924579,1,lorenz_x,0,lorenz_x__0
15,0.0013362979207580572,0.0015364963805090369,0.0035850283161085474,0.005624956134171924,1,lorenz_x,0,lorenz_x__0
16,0.0029435939348830768,0.0020327077216569034,0.003888844801239314,0.006874820717421769,1,lorenz_x,0,lorenz_x__0
17,0.0033097262285462174,0.004389410225068202,0.0065301367280966955,0.018539277234627474,1,lorenz_x,0,lorenz_x__0
18,0.002442484961534097,0.005219900324156982,0.007887748970624695,0.02061111249335839,1,lorenz_x,0,lorenz_x__0
0,0.0030394974693371685,0.0033985948121789834,0.01683058844581429,0.02606842590796375,1,lorenz_x,1,lorenz_x__1
1,0.0,0.0004430900235332427,0.0010741805070989656,0.002625767082063083,0,lorenz_x,1,lorenz_x__1
2,0.0,0.00031531644795920825,0.000643031650754685,0.0014704430082432155,0,lorenz_x,1,lorenz_x__1
3,0.0,0.00032023559890132793,0.0006302705343733282,0.0015145352258554487,0,lorenz_x,1,lorenz_x__1
4,0.0,0.00034576109169419037,0.0007867449021306091,0.001643117075975197,0,lorenz_x,1,lorenz_x__1
5,0.0,0.000624550965241284,0.0016184389630577805,0.003151769314768913,0,lorenz_x,1,lorenz_x__1
6,3.203023910518287e-05,0.0007015959288378062,0.0015613953980466166,0.00382706732048801,1,lorenz_x,1,lorenz_x__1
7,0.0002067194099656766,0.00047936798136463297,0.0009060863451444401,0.0030102931113894396,1,lorenz_x,1,lorenz_x__1
8,0.0,0.0006864905437968843,0.001551712851540655,0.003686212668616968,0,lorenz_x,1,lorenz_x__1
9,0.0,0.0006006968704224113,0.001419497400221793,0.0034392401054622545,0,lorenz_x,1,lorenz_x__1
10,0.0,0.00033322457344703006,0.0006926646661372399,0.0016152470718281096,0,lorenz_x,1,lorenz_x__1
11,0.0004990428607536189,0.0005740071712999132,0.0014372632166580474,0.0023657162346206466,1,lorenz_x,1,lorenz_x__1
12,0.0004897242856036757,0.0005217674792078087,0.0013732589599043158,0.00216970890963152,1,lorenz_x,1,lorenz_x__1
13,0.0,0.0005199691898864529,0.0011004667699701179,0.002841484391993668,0,lorenz_x,1,lorenz_x__1
14,0.00023771498488660238,0.000678780921798684,0.0014320054595707969,0.003897776872506606,1,lorenz_x,1,lorenz_x__1
15,0.0002860585283397535,0.00041371690422209293,0.001071872719182207,0.002930196886936826,1,lorenz_x,1,lorenz_x__1
16,7.25038343354651e-06,0.00046016775648603054,0.0011715834453001348,0.0022877226553255216,1,lorenz_x,1,lorenz_x__1
17,0.0,0.0005439270768211384,0.0011894740774370696,0.002595013097828078,0,lorenz_x,1,lorenz_x__1
18,7.53781327965347e-05,0.0006343028821569317,0.001419027142540729,0.003567022197669732,1,lorenz_x,1,lorenz_x__1
0,0.0,,,,0,lorenz_x,2,lorenz_x__2
1,0.0,,,,0,lorenz_x,2,lorenz_x__2
2,0.0,,,,0,lorenz_x,2,lorenz_x__2
3,0.0,,,,0,lorenz_x,2,lorenz_x__2
4,0.0,,,,0,lorenz_x,2,lorenz_x__2
5,0.0,,,,0,lorenz_x,2,lorenz_x__2
6,0.0,,,,0,lorenz_x,2,lorenz_x__2
7,0.0,,,,0,lorenz_x,2,lorenz_x__2
8,0.0,,,,0,lorenz_x,2,lorenz_x__2
9,0.0,,,,0,lorenz_x,2,lorenz_x__2
10,0.0,,,,0,lorenz_x,2,lorenz_x__2
11,0.0,,,,0,lorenz_x,2,lorenz_x__2
12,0.0,,,,0,lorenz_x,2,lorenz_x__2
13,0.0,,,,0,lorenz_x,2,lorenz_x__2
14,0.0,,,,0,lorenz_x,2,lorenz_x__2
15,0.0,,,,0,lorenz_x,2,lorenz_x__2
16,0.0,,,,0,lorenz_x,2,lorenz_x__2
17,0.0,,,,0,lorenz_x,2,lorenz_x__2
18,0.0,,,,0,lorenz_x,2,lorenz_x__2
0,0.0,0.013696992317182785,0.04378021417406407,0.1061340848626547,0,lorenz_x,3,lorenz_x__3
1,0.0003743933159459341,0.0014737377886756054,0.0029137740643479996,0.007922861018305397,1,lorenz_x,3,lorenz_x__3
2,0.0,0.001832914611174309,0.003594081088930076,0.010193857801154014,0,lorenz_x,3,lorenz_x__3
3,0.0,0.00145463301139171,0.0032469433996964404,0.009050536759710332,0,lorenz_x,3,lorenz_x__3
4,0.0,0.0009306895628596054,0.002088144530684303,0.004582484257399259,0,lorenz_x,3,lorenz_x__3
5,0.0,0.0011880100887252125,0.002054677853439432,0.006115323717736272,0,lorenz_x,3,lorenz_x__3
6,0.0006555922968274913,0.000864017546701778,0.0012733361830717055,0.00507511369648649,1,lorenz_x,3,lorenz_x__3
7,0.001310733412701496,0.0015159186484498856,0.0026578160309649063,0.009810766993869631,1,lorenz_x,3,lorenz_x__3
8,0.0009821936486601032,0.0019151293869198345,0.0036408565008622545,0.011130672576993008,1,lorenz_x,3,lorenz_x__3
9,0.0004445901813931244,0.0010631396627574447,0.00287938083053292,0.005983865916091409,1,lorenz_x,3,lorenz_x__3
10,0.00020285851946822125,0.0015129952879119268,0.0036027173529181887,0.00823875259036965,1,lorenz_x,3,lorenz_x__3
11,0.0011632537609455344,0.002264806002025093,0.005061554728279534,0.011610634207873451,1,lorenz_x,3,lorenz_x__3
12,0.0018741449885702785,0.0017085520419513837,0.00399299950339911,0.009348441340519603,1,lorenz_x,3,lorenz_x__3
13,0.0012341275197500575,0.0017521114453747874,0.0033142902480836193,0.009487357837968991,1,lorenz_x,3,lorenz_x__3
14,0.0009372255051353249,0.0015221985525899623,0.0031007166070097254,0.00889065274850775,1,lorenz_x,3,lorenz_x__3
15,0.0002988186617329429,0.0008286278100760914,0.00225132321642458,0.00412111947631885,1,lorenz_x,3,lorenz_x__3
16,0.00020261007662521332,0.0015848513713723554,0.004164817332130425,0.007140547130163569,1,lorenz_x,3,lorenz_x__3
17,0.0015461320563227169,0.0022345253986271207,0.004908888122352945,0.010109760550451919,1,lorenz_x,3,lorenz_x__3
18,0.001345543279512684,0.002411000038094891,0.005340351565218694,0.011062221976261616,1,lorenz_x,3,lorenz_x__3
0,0.0,,,,0,lorenz_x,4,lorenz_x__4
1,0.0,,,,0,lorenz_x,4,lorenz_x__4
2,0.0,,,,0,lorenz_x,4,lorenz_x__4
3,0.0,,,,0,lorenz_x,4,lorenz_x__4
4,0.0,,,,0,lorenz_x,4,lorenz_x__4
5,0.0,,,,0,lorenz_x,4,lorenz_x__4
6,0.0,,,,0,lorenz_x,4,lorenz_x__4
7,0.0,,,,0,lorenz_x,4,lorenz_x__4
8,0.0,,,,0,lorenz_x,4,lorenz_x__4
9,0.0,,,,0,lorenz_x,4,lorenz_x__4
10,0.0,,,,0,lorenz_x,4,lorenz_x__4
11,0.0,,,,0,lorenz_x,4,lorenz_x__4
12,0.0,,,,0,lorenz_x,4,lorenz_x__4
13,0.0,,,,0,lorenz_x,4,lorenz_x__4
14,0.0,,,,0,lorenz_x,4,lorenz_x__4
15,0.0,,,,0,lorenz_x,4,lorenz_x__4
16,0.0,,,,0,lorenz_x,4,lorenz_x__4
17,0.0,,,,0,lorenz_x,4,lorenz_x__4
18,0.0,,,,0,lorenz_x,4,lorenz_x__4
0,0.0023468878925870726,0.014579711761799721,0.04135113434965849,0.05868441754262026,1,lorenz_x,5,lorenz_x__5
1,0.0,0.004500295421710159,0.008336664740235028,0.019128989052067263,0,lorenz_x,5,lorenz_x__5
2,0.002660702348229179,0.002687915251672667,0.006020928053711343,0.012444469125996413,1,lorenz_x,5,lorenz_x__5
3,0.0031175946025276575,0.0029210923738956377,0.006091562753393657,0.012691197921754402,1,lorenz_x,5,lorenz_x__5
4,0.0006904022753636892,0.0010377566003338917,0.002461888750236775,0.004330877018224632,1,lorenz_x,5,lorenz_x__5
5,3.356003194218075e-05,0.0002687218680887791,0.0008138541182061937,0.000935218342943836,1,lorenz_x,5,lorenz_x__5
6,1.1457706867122651e-05,0.0002583189002417787,0.0008237656129652477,0.0008795970038196023,1,lorenz_x,5,lorenz_x__5
7,0.0,0.00026095208224459113,0.0008405021217479419,0.0008584025122641781,0,lorenz_x,5,lorenz_x__5
8,3.096056919746077e-05,0.0002452384343360272,0.0007683487503938516,0.0008668583819010347,1,lorenz_x,5,lorenz_x__5
9,0.0,0.0002441952301440851,0.0007653388410942461,0.0008756729205735133,0,lorenz_x,5,lorenz_x__5
10,4.358436830193121e-05,0.00025219947642278283,0.000765838512710827,0.0008962817261029078,1,lorenz_x,5,lorenz_x__5
11,5.050662924387193e-05,0.00023429884448191847,0.0006844716839258743,0.0008797807203194417,1,lorenz_x,5,lorenz_x__5
12,7.357549963969115e-05,0.0002517289105514291,0.0007307992069602692,0.0008977579643147275,1,lorenz_x,5,lorenz_x__5
13,0.00022602557036303168,0.0003077474599561882,0.0007824453728215239,0.001089325368168068,1,lorenz_x,5,lorenz_x__5
14,0.00024353565366806284,0.0002997908105250827,0.0007508926379352479,0.0011290858233223035,1,lorenz_x,5,lorenz_x__5
15,0.00026867715842530753,0.0004816896495997518,0.0012403980051059627,0.0019060939683958954,1,lorenz_x,5,lorenz_x__5
16,2.079358129294072e-05,0.0005266596957315574,0.0013103773103642496,0.0020399226693033107,1,lorenz_x,5,lorenz_x__5
17,0.00010894774328844953,0.00048688197039125193,0.0014526816773203378,0.0019149683123361586,1,lorenz_x,5,lorenz_x__5
18,0.006274412567932382,0.003025346834017033,0.007359240008766323,0.012709671918118726,1,lorenz_x,5,lorenz_x__5
0,0.03425284145890628,0.016439191774195127,0.10611964663983553,0.3370222538970105,1,lorenz_x,6,lorenz_x__6
1,0.0005189081053174546,0.0013015055291723916,0.003396254308640687,0.010786063826524738,1,lorenz_x,6,lorenz_x__6
2,0.0,0.0004737083827060995,0.0012216838841136487,0.0038799097924915047,0,lorenz_x,6,lorenz_x__6
3,0.0,0.0005165142849952984,0.0012885768243819447,0.004092353107305148,0,lorenz_x,6,lorenz_x__6
4,0.0,0.0006956337419465403,0.0015161515989148633,0.004815101117421469,0,lorenz_x,6,lorenz_x__6
5,0.0,0.0005225686968769295,0.0012171184775605429,0.003865410652556503,0,lorenz_x,6,lorenz_x__6
6,0.0,0.00074475850589014,0.0016520419844818406,0.005246671382465346,0,lorenz_x,6,lorenz_x__6
7,0.0,0.0006793323736233332,0.0015425648131087964,0.004898986064857416,0,lorenz_x,6,lorenz_x__6
8,0.0,0.0006933473545973968,0.0015514994574315807,0.004927361338077582,0,lorenz_x,6,lorenz_x__6
9,0.0,0.0009511051676115502,0.0019869478042530385,0.006310288891535956,0,lorenz_x,6,lorenz_x__6
10,0.0,0.0007799504978295707,0.0017273377095202115,0.005485800853442265,0,lorenz_x,6,lorenz_x__6
11,0.0,0.0009216582762456402,0.0020246166274523274,0.006429920195429751,0,lorenz_x,6,lorenz_x__6
12,0.0,0.0012830749313241991,0.003120047258530707,0.009908866007668014,0,lorenz_x,6,lorenz_x__6
13,0.0,0.000943306555698247,0.0026966937835071125,0.00856435020060139,0,lorenz_x,6,lorenz_x__6
14,0.0002757965732192351,0.0011881057729331537,0.0032675719778868613,0.010377385410033526,1,lorenz_x,6,lorenz_x__6
15,0.0,0.0022468296760381336,0.005716011349873935,0.01815331175172101,0,lorenz_x,6,lorenz_x__6
16,0.0,0.0017855069272748807,0.005337279565436905,0.01695050865488625,0,lorenz_x,6,lorenz_x__6
17,0.0,0.0014226018415610866,0.005082605983885326,0.016141698343315556,0,lorenz_x,6,lorenz_x__6
18,0.0,0.0032576564188233088,0.011688025670522817,0.037119655783013475,0,lorenz_x,6,lorenz_x__6
0,0.0,0.03571684196721867,0.20169537401791057,0.28627214826784186,0,lorenz_x,7,lorenz_x__7
1,0.0008803833472885471,0.002952249864091533,0.0035827706980060808,0.015409259806703787,1,lorenz_x,7,lorenz_x__7
2,0.0009878638960481257,0.0023978257841312323,0.003850818783444428,0.013253153291399526,1,lorenz_x,7,lorenz_x__7
3,0.0005238266541772718,0.0013732838432904606,0.002654877488495679,0.0067296821105774455,1,lorenz_x,7,lorenz_x__7
4,0.0008401162364550855,0.002055235328411272,0.005607651319824156,0.00764948770465811,1,lorenz_x,7,lorenz_x__7
5,0.0003965095709407909,0.0020500482039406856,0.005532048051171955,0.008167399568566954,1,lorenz_x,7,lorenz_x__7
6,0.0,0.0016563883972225168,0.002538083673119205,0.007811170899684031,0,lorenz_x,7,lorenz_x__7
7,5.149774143109551e-05,0.0023840669443906024,0.004122931546618545,0.011192078700425585,1,lorenz_x,7,lorenz_x__7
8,0.0,0.0026274179591962462,0.0038004252499966055,0.01311010538285413,0,lorenz_x,7,lorenz_x__7
9,0.0014039624132850064,0.002710708409633656,0.0036119363163212995,0.013772669113447013,1,lorenz_x,7,lorenz_x__7
10,0.0,0.00231977847515906,0.003662431847931142,0.011654427924629387,0,lorenz_x,7,lorenz_x__7
11,0.0,0.0022845476375352447,0.0025357016929954644,0.012265704408894414,0,lorenz_x,7,lorenz_x__7
12,0.003432669487167299,0.0031925097266829725,0.0037724336826643417,0.01964895362406612,1,lorenz_x,7,lorenz_x__7
13,0.002767426746132399,0.003713023571612949,0.005160379595524931,0.0228308487692561,1,lorenz_x,7,lorenz_x__7
14,0.0,0.003071435503276251,0.004395276793977664,0.01782619078078416,0,lorenz_x,7,lorenz_x__7
15,0.0009196311394983636,0.0026281067251899054,0.003872298587808621,0.013399526913711162,1,lorenz_x,7,lorenz_x__7
16,0.0,0.0025385016939868067,0.00352915839127016,0.01369187400600521,0,lorenz_x,7,lorenz_x__7
17,0.0,0.00227201151572856,0.002583622105780289,0.012338699211835214,0,lorenz_x,7,lorenz_x__7
18,0.004905475398185327,0.003751535307449162,0.007558979513815173,0.021392286252296215,1,lorenz_x,7,lorenz_x__7
0,0.020086301945374738,0.04315718026848323,0.16112336240233943,0.35256269793013423,1,lorenz_x,8,lorenz_x__8
1,0.0,0.0007010118424892521,0.0026051856402964438,0.004302419220659079,0,lorenz_x,8,lorenz_x__8
2,0.00041705278114449143,0.00046085147073853243,0.0007714241651136537,0.002269518973058993,1,lorenz_x,8,lorenz_x__8
3,8.607385830048352e-06,0.0003392757002384162,0.000437901730655769,0.0017798283500927749,1,lorenz_x,8,lorenz_x__8
4,0.0003459082418612199,0.0006049381457844109,0.0013091923015815276,0.0027650276698315684,1,lorenz_x,8,lorenz_x__8
5,0.0009841791577791105,0.000826867877919195,0.0018302819771412382,0.003466253083641596,1,lorenz_x,8,lorenz_x__8
6,0.0007317547004940428,0.0006955599962755148,0.001547383567448953,0.003207900073876963,1,lorenz_x,8,lorenz_x__8
7,0.0007314891266502806,0.0009021691826078066,0.002714300932415945,0.005309404316188779,1,lorenz_x,8,lorenz_x__8
8,0.0005123460249093904,0.0011968824644779444,0.003132478171882894,0.006872395433515266,1,lorenz_x,8,lorenz_x__8
9,0.0,0.0007337176977746834,0.001800080486970154,0.004830554712190796,0,lorenz_x,8,lorenz_x__8
10,0.0004000314721032592,0.0003617468183959901,0.0006138713046227305,0.0018552717252155529,1,lorenz_x,8,lorenz_x__8
11,0.0004609523680970723,0.0003821959967220732,0.0006724716358011954,0.0019455183351088491,1,lorenz_x,8,lorenz_x__8
12,0.00021556657136570121,0.00042979697961881925,0.0009480953127711317,0.0018629461188763758,1,lorenz_x,8,lorenz_x__8
13,0.0004589623431953166,0.0007876998172961798,0.0019446852430615737,0.003606489899568586,1,lorenz_x,8,lorenz_x__8
14,0.000644487060298099,0.0008015609542083424,0.0019228582553412405,0.003726070975895056,1,lorenz_x,8,lorenz_x__8
15,0.0009231339385526679,0.0007895204634020443,0.0021496426602007315,0.004433220266650768,1,lorenz_x,8,lorenz_x__8
16,0.0006551933022229061,0.0011016036880810028,0.002737008675856584,0.006552180941984023,1,lorenz_x,8,lorenz_x__8
17,0.0,0.0007519269617329021,0.0018856063530842027,0.005264054669815214,0,lorenz_x,8,lorenz_x__8
18,0.00025248884456492617,0.0007176194958949144,0.0019393069619183813,0.0039045923453575986,1,lorenz_x,8,lorenz_x__8
0,0.0,0.01296422781800477,0.05597324708435621,0.17776378349928174,0,lorenz_x,9,lorenz_x__9
1,0.0,0.0016871835753514408,0.005402322637631061,0.017157077028277644,0,lorenz_x,9,lorenz_x__9
2,0.0,0.0004561358329373161,0.001556388217318688,0.004942887406323042,0,lorenz_x,9,lorenz_x__9
3,0.00016524913681559544,9.762990878810641e-05,0.00022545211062651523,0.0007160067044613001,1,lorenz_x,9,lorenz_x__9
4,0.0001834642722500562,8.907499293302058e-05,0.00021443574215839376,0.0006810201449650443,1,lorenz_x,9,lorenz_x__9
5,0.00012998595993548526,6.5387276011731e-05,0.00018352549140009122,0.0005828531918235478,1,lorenz_x,9,lorenz_x__9
6,0.00023805625231209174,0.00011650756358839212,0.0002781615440327664,0.0008834050384239081,1,lorenz_x,9,lorenz_x__9
7,0.00016169697999652254,8.413427871741718e-05,0.00022598013394208271,0.0007176836381258711,1,lorenz_x,9,lorenz_x__9
8,0.00027959146411107687,0.00013476984622737254,0.00035504648519572147,0.0011275816539889968,1,lorenz_x,9,lorenz_x__9
9,0.0003691985341186298,0.00017414791114448637,0.0003879028373741808,0.0012319291731962608,1,lorenz_x,9,lorenz_x__9
10,0.0002714707783037316,0.00013274066771614608,0.0003392710368831634,0.0010774808732676036,1,lorenz_x,9,lorenz_x__9
11,0.00046111277392507123,0.00024163556275497942,0.0005597866651929532,0.0017778099492276322,1,lorenz_x,9,lorenz_x__9
12,0.0004181793604661069,0.00022600407132184941,0.0005327940091548293,0.001692084769539554,1,lorenz_x,9,lorenz_x__9
13,0.0005700397433751883,0.0002718409896404059,0.000659166016959469,0.002093425899560078,1,lorenz_x,9,lorenz_x__9
14,0.0006288736459684882,0.0005138386321078887,0.00115393760337985,0.003664756378877765,1,lorenz_x,9,lorenz_x__9
15,0.000437540563547497,0.00045497918099214634,0.001097071022119636,0.0034841554817339883,1,lorenz_x,9,lorenz_x__9
16,0.0008458300535186284,0.0005196455964647832,0.0012426937838283516,0.003946634512938711,1,lorenz_x,9,lorenz_x__9
17,0.0,0.001995168313867662,0.005937886252307551,0.018857957706255184,0,lorenz_x,9,lorenz_x__9
18,0.0,0.002034535539607355,0.005988199714563967,0.019017746746154363,0,lorenz_x,9,lorenz_x__9
0,0.002364933990436021,0.0030757351189378214,0.016081656195819225,0.02918167048557096,1,lorenz_x,10,lorenz_x__10
1,3.37969924570265e-05,0.0005030373973110654,0.001183859391402572,0.002517101353537458,1,lorenz_x,10,lorenz_x__10
2,0.00034195116740652317,0.0004766362703416913,0.0009888215403961163,0.0024687099330236296,1,lorenz_x,10,lorenz_x__10
3,7.080601626326772e-05,0.0006096755093958439,0.0014526369008510795,0.0038666489761912228,1,lorenz_x,10,lorenz_x__10
4,0.0,0.0005612690836897462,0.001402229762451301,0.0037067675289331496,0,lorenz_x,10,lorenz_x__10
5,0.00029436794093403926,0.0004033001663866342,0.0009919018896613584,0.002268587263932411,1,lorenz_x,10,lorenz_x__10
6,0.00023361315079488323,0.0005730852166457365,0.0012379458566571155,0.003303036087936171,1,lorenz_x,10,lorenz_x__10
7,0.0,0.0005923869436921228,0.00132331172991184,0.0032233528717513136,0,lorenz_x,10,lorenz_x__10
8,0.00011045083880565493,0.0005499754495830491,0.0015488089712973076,0.002939191495085283,1,lorenz_x,10,lorenz_x__10
9,7.248349041850651e-05,0.0005669499088959039,0.0013918017115918044,0.0036705617452944383,1,lorenz_x,10,lorenz_x__10
10,0.00017217847284533346,0.00045538520714297215,0.0008722935376687823,0.003173474417744118,1,lorenz_x,10,lorenz_x__10
11,0.00024079675169324383,0.0004535236811021547,0.0011770304864229543,0.0024534963868012875,1,lorenz_x,10,lorenz_x__10
12,7.371740576636414e-06,0.00063212270127138,0.0015253819352521868,0.00364930744633875,1,lorenz_x,10,lorenz_x__10
13,0.0,0.0005573221896803469,0.0012356731900190381,0.0033370861566752947,0,lorenz_x,10,lorenz_x__10
14,0.0,0.0005574881538967151,0.0013962703974303983,0.003008340767537829,0,lorenz_x,10,lorenz_x__10
15,0.0,0.0006769793000232853,0.0016541220367148103,0.003753641551100376,0,lorenz_x,10,lorenz_x__10
16,0.0,0.00048548261379788543,0.001216817516519454,0.00287168465987898,0,lorenz_x,10,lorenz_x__10
17,0.0,0.0003060441401383944,0.000779592456083423,0.00164828453185666,0,lorenz_x,10,lorenz_x__10
18,0.0007743117963500204,0.0006932179087982398,0.0016455879430386537,0.005457309816486974,1,lorenz_x,10,lorenz_x__10
0,0.017433680681944064,0.05400185778671783,0.18782611202333724,0.5683901996993194,1,lorenz_x,11,lorenz_x__11
1,0.002017695424464625,0.0025555270638330054,0.007570185125685483,0.0106770022822377,1,lorenz_x,11,lorenz_x__11
2,0.004219744708978399,0.0016306761289458702,0.0050478254506902825,0.0048328657488227915,1,lorenz_x,11,lorenz_x__11
3,0.002801437715685008,0.001162003231244364,0.0031108873243397704,0.0038660692903173116,1,lorenz_x,11,lorenz_x__11
4,0.0042679130330996705,0.0017886401462181704,0.004991816143119868,0.005639579810097806,1,lorenz_x,11,lorenz_x__11
5,0.0038924942963810823,0.0017483674874502943,0.00472327638666285,0.005222722793163996,1,lorenz_x,11,lorenz_x__11
6,0.0027615723733888185,0.0013698674313324386,0.002824524507540985,0.004790309123745976,1,lorenz_x,11,lorenz_x__11
7,0.004873755912088934,0.0021997180385784363,0.0048052221635934735,0.007847139544320104,1,lorenz_x,11,lorenz_x__11
8,0.006715824154170788,0.00360394139298009,0.0049992853972072576,0.011497505044076123,1,lorenz_x,11,lorenz_x__11
9,0.005902424241609674,0.0032713706554035426,0.0033157703332580258,0.011041610851178028,1,lorenz_x,11,lorenz_x__11
10,0.0030746916284723584,0.0025320441742834638,0.005369414000143755,0.009763284787609057,1,lorenz_x,11,lorenz_x__11
11,0.0037244298095736334,0.008121597416477569,0.01746886591347873,0.04180110809053173,1,lorenz_x,11,lorenz_x__11
12,0.003884226248104035,0.007473175543431741,0.01702528900616749,0.04112629558742425,1,lorenz_x,11,lorenz_x__11
13,0.003628083753945192,0.0014231030945968779,0.003696545383856473,0.003677011560847931,1,lorenz_x,11,lorenz_x__11
14,0.0035320438566940737,0.0012492722492800428,0.0029879474779866562,0.0033592614818930304,1,lorenz_x,11,lorenz_x__11
15,0.003519678779105675,0.0012502970104560918,0.0028912154389585556,0.003375282660426721,1,lorenz_x,11,lorenz_x__11
16,0.003531707677635996,0.00125160497357931,0.0029421529712595085,0.0033410138641431215,1,lorenz_x,11,lorenz_x__11
17,0.0034548099432592638,0.0012445963303639334,0.002923511879619321,0.0034438048886911766,1,lorenz_x,11,lorenz_x__11
18,0.0035248642646954747,0.0012521152176645102,0.002843217356660624,0.003332383545859115,1,lorenz_x,11,lorenz_x__11
