config,N,K,task,trial,case_id,default_idx,default_tau,safe_low_idx,safe_high_idx,safe_low_tau,safe_high_tau,safe_width,safe_width_fraction,safe_log_cell_fraction,safe_log_center_span_fraction,test_oracle_idx,test_oracle_tau,safe_contains_near,safe_contains_oracle,matched_near_rate,matched_oracle_rate,containment_lift_near_case,containment_lift_oracle_case,default_test_nrmse,safe_best_test_nrmse,full_oracle_test_nrmse,safe_gain,full_oracle_gain,matched_best_gain,safe_minus_matched_gain,support_range,support_fraction_range,spectral_radius_range
N60_K13_baseline,60,13,controlled_d20_white_plus_distractor,0,controlled_d20_white_plus_distractor__trial0,2,0.15017108890398193,1,2,0.1096069665318704,0.15017108890398193,2,0.15384615384615385,0.15384615384615388,0.0833333333333112,1,0.1096069665318704,1,1,0.25,0.16666666666666666,3.9999999999840004,5.999999999964,0.8519121991062969,0.8494963327765915,0.8494963327765915,0.002415866329705363,0.002415866329705363,-0.0562808567560392,0.058696723085744563,55.18259548609684,0.9197099247682806,0.12186301241308461
N60_K13_baseline,60,13,controlled_d20_white_plus_distractor,1,controlled_d20_white_plus_distractor__trial1,0,0.07999999999999999,0,2,0.07999999999999999,0.15017108890398193,3,0.23076923076923078,0.23076923076923073,0.16666666666662253,2,0.15017108890398193,1,1,0.6363636363636364,0.2727272727272727,1.571428571426102,3.6666666666532226,0.9868425773057097,0.9768889410876098,0.9768889410876098,0.00995363621809986,0.00995363621809986,0.004767330257050733,0.005186305961049126,55.09332299198959,0.9182220498664931,0.13596766582886588
N60_K13_baseline,60,13,controlled_d20_white_plus_distractor,2,controlled_d20_white_plus_distractor__trial2,6,0.529150262212918,5,7,0.38621651813276453,0.7249819385087718,3,0.23076923076923078,0.23076923076923078,0.16666666666662258,4,0.28189194928259564,0,0,0.2727272727272727,0.2727272727272727,0.0,0.0,0.9665254812124534,0.9408056584290512,0.9310518966048223,0.025719822783402235,0.03547358460763106,0.019882966437818193,0.005836856345584042,55.184193039950806,0.9197365506658467,0.3570076917617726
N60_K13_baseline,60,13,controlled_d20_white_plus_distractor,3,controlled_d20_white_plus_distractor__trial3,0,0.07999999999999999,0,0,0.07999999999999999,0.07999999999999999,1,0.07692307692307693,0.07692307692307686,0.0,7,0.7249819385087718,0,0,0.07692307692307693,0.07692307692307693,0.0,0.0,0.9013134042581753,0.9013134042581753,0.877524459432285,0.0,0.023788944825890335,-0.021855667028789914,0.021855667028789914,55.27826637397668,0.9213044395662778,0.19179127036241128
N60_K13_baseline,60,13,memory_d10,0,memory_d10__trial0,0,0.07999999999999999,0,0,0.07999999999999999,0.07999999999999999,1,0.07692307692307693,0.07692307692307686,0.0,0,0.07999999999999999,1,1,0.15384615384615385,0.07692307692307693,6.499999999957749,12.999999999831,0.7983752605511838,0.7983752605511838,0.7983752605511838,0.0,0.0,-0.04829367212505535,0.04829367212505535,55.28390003194053,0.9213983338656756,0.1229588493870658
N60_K13_baseline,60,13,memory_d10,1,memory_d10__trial1,2,0.15017108890398193,1,3,0.1096069665318704,0.20574746894441603,3,0.23076923076923078,0.23076923076923078,0.16666666666662253,2,0.15017108890398193,1,1,0.36363636363636365,0.2727272727272727,2.7499999999924376,3.6666666666532226,0.699534952683491,0.699534952683491,0.699534952683491,0.0,0.0,-0.04790768148424616,0.04790768148424616,55.20211758762425,0.9200352931270709,0.07234558352104381
N60_K13_baseline,60,13,memory_d10,2,memory_d10__trial2,12,3.5,10,12,1.864539985982451,3.5,3,0.23076923076923078,0.23076923076923084,0.16666666666662264,11,2.554582148011408,1,1,0.18181818181818182,0.18181818181818182,5.4999999999697495,5.4999999999697495,0.7289661826318123,0.7233734838822431,0.7233734838822431,0.005592698749569247,0.005592698749569247,-0.07578237729345054,0.08137507604301979,54.91094203774203,0.9151823672957005,0.1808688207634781
N60_K13_baseline,60,13,memory_d10,3,memory_d10__trial3,12,3.5,12,12,3.5,3.5,1,0.07692307692307693,0.07692307692307697,0.0,11,2.554582148011408,1,0,0.15384615384615385,0.07692307692307693,6.499999999957749,0.0,0.8641514773460214,0.8641514773460214,0.8614767560397462,0.0,0.0026747213062752184,-0.02209120355362339,0.02209120355362339,55.31957620001195,0.921992936666866,0.20901048383402332
N60_K13_baseline,60,13,narma10,0,narma10__trial0,0,0.07999999999999999,0,0,0.07999999999999999,0.07999999999999999,1,0.07692307692307693,0.07692307692307686,0.0,0,0.07999999999999999,1,1,0.07692307692307693,0.07692307692307693,12.999999999831,12.999999999831,0.6962481749966873,0.6962481749966873,0.6962481749966873,0.0,0.0,-0.03953745833105869,0.03953745833105869,54.93143831123409,0.9155239718539016,0.5410882990586872
N60_K13_baseline,60,13,narma10,1,narma10__trial1,9,1.3608915892697748,9,10,1.3608915892697748,1.864539985982451,2,0.15384615384615385,0.15384615384615383,0.0833333333333112,10,1.864539985982451,1,1,0.3333333333333333,0.16666666666666666,2.9999999999910005,5.999999999964,0.6991276442290227,0.6811512044902006,0.6811512044902006,0.017976439738822125,0.017976439738822125,-0.05661890866507325,0.07459534840389537,55.145838875250234,0.9190973145875039,0.1375746948510148
N60_K13_baseline,60,13,narma10,2,narma10__trial2,11,2.554582148011408,10,12,1.864539985982451,3.5,3,0.23076923076923078,0.23076923076923084,0.16666666666662264,11,2.554582148011408,1,1,0.2727272727272727,0.18181818181818182,3.6666666666532226,5.4999999999697495,0.5456322442996268,0.5456322442996268,0.5456322442996268,0.0,0.0,-0.03122499720510218,0.03122499720510218,55.16813329318086,0.919468888219681,0.11480969821861509
N60_K13_baseline,60,13,narma10,3,narma10__trial3,12,3.5,12,12,3.5,3.5,1,0.07692307692307693,0.07692307692307697,0.0,12,3.5,1,1,0.07692307692307693,0.07692307692307693,12.999999999831,12.999999999831,0.7103955551493729,0.7103955551493729,0.7103955551493729,0.0,0.0,-0.057006083401254744,0.057006083401254744,55.06165329067788,0.9176942215112981,0.19108531273563656
N60_K13_baseline,60,13,lorenz_x,0,lorenz_x__trial0,6,0.529150262212918,6,8,0.529150262212918,0.9932883883792685,3,0.23076923076923078,0.2307692307692308,0.16666666666662255,6,0.529150262212918,1,1,0.36363636363636365,0.2727272727272727,2.7499999999924376,3.6666666666532226,0.01563046622059489,0.01563046622059489,0.01563046622059489,0.0,0.0,-0.005582907230151571,0.005582907230151571,55.12428668379441,0.9187381113965735,0.2264575694492077
N60_K13_baseline,60,13,lorenz_x,1,lorenz_x__trial1,2,0.15017108890398193,0,12,0.07999999999999999,3.5,13,1.0,1.0,0.9999999999997353,0,0.07999999999999999,1,1,1.0,1.0,0.9999999999989999,0.9999999999989999,0.010533878009688332,0.008032595188134973,0.008032595188134973,0.002501282821553359,0.002501282821553359,0.002501282821553359,0.0,55.17522928533734,0.9195871547556222,0.06887479980985933
N60_K13_baseline,60,13,lorenz_x,2,lorenz_x__trial2,12,3.5,12,12,3.5,3.5,1,0.07692307692307693,0.07692307692307697,0.0,2,0.15017108890398193,0,0,0.07692307692307693,0.07692307692307693,0.0,0.0,0.08819086758917141,0.08819086758917141,0.05010425671913199,0.0,0.03808661087003942,-0.019550031387221847,0.019550031387221847,55.316272586045415,0.9219378764340902,0.12398781033205242
N60_K13_baseline,60,13,lorenz_x,3,lorenz_x__trial3,4,0.28189194928259564,4,5,0.28189194928259564,0.38621651813276453,2,0.15384615384615385,0.15384615384615385,0.08333333333331122,4,0.28189194928259564,1,1,0.25,0.16666666666666666,3.9999999999840004,5.999999999964,0.016394267171499558,0.016394267171499558,0.016394267171499558,0.0,0.0,-0.024706455248043404,0.024706455248043404,55.25391829525145,0.9208986382541908,0.11422535615768359
N60_K25_finer_grid,60,25,controlled_d20_white_plus_distractor,0,controlled_d20_white_plus_distractor__trial0,3,0.12829574239059252,1,5,0.09364057519339374,0.17577633927983924,5,0.2,0.20000000000000004,0.16666666666662258,3,0.12829574239059252,1,1,0.2857142857142857,0.19047619047619047,3.4999999999877507,5.249999999972438,0.8488241112886331,0.8488241112886331,0.8488241112886331,0.0,0.0,-0.050956216796768906,0.050956216796768906,55.18259548609684,0.9197099247682806,0.12766810373044657
N60_K25_finer_grid,60,25,controlled_d20_white_plus_distractor,1,controlled_d20_white_plus_distractor__trial1,0,0.07999999999999999,0,5,0.07999999999999999,0.17577633927983924,6,0.24,0.24000000000000002,0.20833333333327816,4,0.15017108890398193,1,1,0.65,0.25,1.5384615384591716,3.9999999999840004,0.9868425773057097,0.9768889410876098,0.9768889410876098,0.00995363621809986,0.00995363621809986,0.0059118318485065656,0.004041804369593294,55.09332299198959,0.9182220498664931,0.13596766582886588
N60_K25_finer_grid,60,25,controlled_d20_white_plus_distractor,2,controlled_d20_white_plus_distractor__trial2,11,0.45206921133927336,11,12,0.45206921133927336,0.529150262212918,2,0.08,0.08000000000000002,0.04166666666665563,8,0.28189194928259564,0,0,0.125,0.08333333333333333,0.0,0.0,0.9527786944003498,0.9527786944003498,0.9310518966048223,0.0,0.02172679779552744,-0.002013581564170766,0.002013581564170766,55.184193039950806,0.9197365506658467,0.3593626361739044
N60_K25_finer_grid,60,25,controlled_d20_white_plus_distractor,3,controlled_d20_white_plus_distractor__trial3,0,0.07999999999999999,0,1,0.07999999999999999,0.09364057519339374,2,0.08,0.07999999999999993,0.0416666666666556,14,0.7249819385087718,0,0,0.125,0.08333333333333333,0.0,0.0,0.9013134042581753,0.9013134042581753,0.877524459432285,0.0,0.023788944825890335,-0.017652625272917832,0.017652625272917832,55.27826637397668,0.9213044395662778,0.19179127036241128
N60_K25_finer_grid,60,25,memory_d10,0,memory_d10__trial0,13,0.6193741864669097,13,13,0.6193741864669097,0.6193741864669097,1,0.04,0.039999999999999994,0.0,0,0.07999999999999999,0,0,0.16,0.04,0.0,0.0,0.847023709754653,0.847023709754653,0.7983752605511838,0.0,0.048648449203469224,-0.0011532454779140356,0.0011532454779140356,55.28390003194053,0.9213983338656756,0.15363719620083438
N60_K25_finer_grid,60,25,memory_d10,1,memory_d10__trial1,5,0.17577633927983924,2,7,0.1096069665318704,0.24082889170675045,6,0.24,0.24000000000000002,0.2083333333332781,3,0.12829574239059252,1,1,0.35,0.2,2.8571428571346944,4.9999999999749996,0.7029280684464858,0.6992525148256765,0.6992525148256765,0.003675553620809291,0.003675553620809291,-0.04149568077197934,0.04517123439278863,55.20211758762425,0.9200352931270709,0.08143660468015157
N60_K25_finer_grid,60,25,memory_d10,2,memory_d10__trial2,23,2.9901567714820447,19,24,1.5929333899384184,3.5,6,0.24,0.24000000000000007,0.20833333333327822,22,2.554582148011408,1,1,0.2,0.15,4.9999999999749996,6.6666666666222225,0.7241526930416832,0.7233734838822431,0.7233734838822431,0.0007792091594400752,0.0007792091594400752,-0.07841835802338129,0.07919756718282137,54.91094203774203,0.9151823672957005,0.19603766676675471
N60_K25_finer_grid,60,25,memory_d10,3,memory_d10__trial3,24,3.5,23,24,2.9901567714820447,3.5,2,0.08,0.0800000000000001,0.041666666666655715,21,2.1824574594809887,0,0,0.125,0.08333333333333333,0.0,0.0,0.8641514773460214,0.8641514773460214,0.8587577378898982,0.0,0.005393739456123203,-0.019309042750979683,0.019309042750979683,55.31957620001195,0.921992936666866,0.21725234463950083
N60_K25_finer_grid,60,25,narma10,0,narma10__trial0,0,0.07999999999999999,0,1,0.07999999999999999,0.09364057519339374,2,0.08,0.07999999999999993,0.0416666666666556,0,0.07999999999999999,1,1,0.16666666666666666,0.041666666666666664,5.999999999964,23.999999999424002,0.6962481749966873,0.6962481749966873,0.6962481749966873,0.0,0.0,-0.03403343868439299,0.03403343868439299,54.93143831123409,0.9155239718539016,0.5441238290841508
N60_K25_finer_grid,60,25,narma10,1,narma10__trial1,19,1.5929333899384184,17,21,1.1626512002594223,2.1824574594809887,5,0.2,0.20000000000000004,0.16666666666662264,20,1.864539985982451,1,1,0.42857142857142855,0.23809523809523808,2.333333333327889,4.19999999998236,0.6893207682879572,0.6811512044902006,0.6811512044902006,0.008169563797756574,0.008169563797756574,-0.05905711107206715,0.06722667486982373,55.145838875250234,0.9190973145875039,0.13920064388328912
N60_K25_finer_grid,60,25,narma10,2,narma10__trial2,22,2.554582148011408,19,24,1.5929333899384184,3.5,6,0.24,0.24000000000000007,0.20833333333327822,22,2.554582148011408,1,1,0.3,0.15,3.333333333322223,6.6666666666222225,0.5456322442996268,0.5456322442996268,0.5456322442996268,0.0,0.0,-0.026959459973637096,0.026959459973637096,55.16813329318086,0.919468888219681,0.11480969821861509
N60_K25_finer_grid,60,25,narma10,3,narma10__trial3,24,3.5,23,24,2.9901567714820447,3.5,2,0.08,0.0800000000000001,0.041666666666655715,24,3.5,1,1,0.08333333333333333,0.041666666666666664,11.999999999856,23.999999999424002,0.7103955551493729,0.7103955551493729,0.7103955551493729,0.0,0.0,-0.0551930532376021,0.0551930532376021,55.06165329067788,0.9176942215112981,0.21953347944854507
N60_K25_finer_grid,60,25,lorenz_x,0,lorenz_x__trial0,12,0.529150262212918,11,16,0.45206921133927336,0.9932883883792685,6,0.24,0.24000000000000002,0.20833333333327816,12,0.529150262212918,1,1,0.65,0.3,1.5384615384591716,3.333333333322223,0.01563046622059489,0.01563046622059489,0.01563046622059489,0.0,0.0,-0.003573676214818124,0.003573676214818124,55.12428668379441,0.9187381113965735,0.2318526788006372
N60_K25_finer_grid,60,25,lorenz_x,1,lorenz_x__trial1,3,0.12829574239059252,0,12,0.07999999999999999,0.529150262212918,13,0.52,0.52,0.49999999999986766,0,0.07999999999999999,1,1,1.0,0.07692307692307693,0.9999999999989999,12.999999999831,0.010032897203612537,0.008032595188134973,0.008032595188134973,0.0020003020154775644,0.0020003020154775644,0.0008858123226619301,0.0011144896928156343,55.17522928533734,0.9195871547556222,0.07177912846812218
N60_K25_finer_grid,60,25,lorenz_x,2,lorenz_x__trial2,24,3.5,23,24,2.9901567714820447,3.5,2,0.08,0.0800000000000001,0.041666666666655715,5,0.17577633927983924,0,0,0.125,0.08333333333333333,0.0,0.0,0.08819086758917141,0.08819086758917141,0.04612551592614444,0.0,0.042065351663026974,-0.008238864304184388,0.008238864304184388,55.316272586045415,0.9219378764340902,0.12741957423586014
N60_K25_finer_grid,60,25,lorenz_x,3,lorenz_x__trial3,9,0.3299565534151155,8,11,0.28189194928259564,0.45206921133927336,4,0.16,0.16000000000000003,0.12499999999996692,9,0.3299565534151155,1,1,0.3181818181818182,0.18181818181818182,3.1428571428472654,5.4999999999697495,0.015353609557860439,0.015353609557860439,0.015353609557860439,0.0,0.0,-0.020208040157448454,0.020208040157448454,55.25391829525145,0.9208986382541908,0.11635650832480882
N150_K13_larger_reservoir,150,13,controlled_d20_white_plus_distractor,0,controlled_d20_white_plus_distractor__trial0,4,0.28189194928259564,3,5,0.20574746894441603,0.38621651813276453,3,0.23076923076923078,0.23076923076923075,0.1666666666666225,3,0.20574746894441603,1,1,0.36363636363636365,0.2727272727272727,2.7499999999924376,3.6666666666532226,0.9702104516272616,0.969737266852959,0.969737266852959,0.0004731847743025819,0.0004731847743025819,-0.028486599723333086,0.028959784497635668,141.33138399922828,0.942209226661522,0.15086514633117276
N150_K13_larger_reservoir,150,13,controlled_d20_white_plus_distractor,1,controlled_d20_white_plus_distractor__trial1,9,1.3608915892697748,9,9,1.3608915892697748,1.3608915892697748,1,0.07692307692307693,0.07692307692307691,0.0,7,0.7249819385087718,1,0,0.23076923076923078,0.07692307692307693,4.333333333314555,0.0,0.9642360625163184,0.9642360625163184,0.9640750385546988,0.0,0.00016102396161965515,-0.021430759822182097,0.021430759822182097,141.3331385811508,0.9422209238743385,0.21274013444291695
N150_K13_larger_reservoir,150,13,controlled_d20_white_plus_distractor,2,controlled_d20_white_plus_distractor__trial2,5,0.38621651813276453,4,6,0.28189194928259564,0.529150262212918,3,0.23076923076923078,0.23076923076923078,0.16666666666662255,0,0.07999999999999999,0,0,0.09090909090909091,0.09090909090909091,0.0,0.0,0.9832219373539373,0.9734392639944658,0.9579960463497517,0.009782673359471472,0.025225891004185597,0.011754316253338065,-0.0019716428938665927,141.39038939856437,0.9426025959904291,0.12839760898083685
N150_K13_larger_reservoir,150,13,controlled_d20_white_plus_distractor,3,controlled_d20_white_plus_distractor__trial3,7,0.7249819385087718,6,7,0.529150262212918,0.7249819385087718,2,0.15384615384615385,0.15384615384615385,0.08333333333331125,1,0.1096069665318704,0,0,0.25,0.16666666666666666,0.0,0.0,0.9540842381723763,0.9298032345936467,0.8607051394250755,0.024281003578729643,0.09337909874730077,0.02167183814994435,0.002609165428785292,141.35619702540268,0.9423746468360179,0.0981341148806395
N150_K13_larger_reservoir,150,13,memory_d10,0,memory_d10__trial0,0,0.07999999999999999,0,0,0.07999999999999999,0.07999999999999999,1,0.07692307692307693,0.07692307692307686,0.0,6,0.529150262212918,1,0,0.15384615384615385,0.07692307692307693,6.499999999957749,0.0,0.5812871445204543,0.5812871445204543,0.5804614979582831,0.0,0.0008256465621712117,-0.028513510543989266,0.028513510543989266,141.58726672285542,0.9439151114857026,0.12286595295457337
N150_K13_larger_reservoir,150,13,memory_d10,1,memory_d10__trial1,9,1.3608915892697748,9,9,1.3608915892697748,1.3608915892697748,1,0.07692307692307693,0.07692307692307691,0.0,12,3.5,0,0,0.15384615384615385,0.07692307692307693,0.0,0.0,0.647796113892033,0.647796113892033,0.6115013777398747,0.0,0.03629473615215828,-0.010985487939833508,0.010985487939833508,141.46044519765593,0.9430696346510395,0.12747268647605714
N150_K13_larger_reservoir,150,13,memory_d10,2,memory_d10__trial2,10,1.864539985982451,9,12,1.3608915892697748,3.5,4,0.3076923076923077,0.30769230769230776,0.24999999999993383,12,3.5,1,1,0.1,0.1,9.999999999899998,9.999999999899998,0.669750028331157,0.6156471485486547,0.6156471485486547,0.05410287978250239,0.05410287978250239,-0.0001466368789267425,0.05424951666142913,141.53861646069615,0.943590776404641,0.08487608926980417
N150_K13_larger_reservoir,150,13,memory_d10,3,memory_d10__trial3,0,0.07999999999999999,0,0,0.07999999999999999,0.07999999999999999,1,0.07692307692307693,0.07692307692307686,0.0,7,0.7249819385087718,1,0,0.38461538461538464,0.07692307692307693,2.59999999999324,0.0,0.5437695135438574,0.5437695135438574,0.5418330825486692,0.0,0.001936430995188143,-0.017249818367656804,0.017249818367656804,141.46813164482498,0.9431208776321665,0.1205767859440936
N150_K13_larger_reservoir,150,13,narma10,0,narma10__trial0,3,0.20574746894441603,3,4,0.20574746894441603,0.28189194928259564,2,0.15384615384615385,0.15384615384615383,0.08333333333331126,3,0.20574746894441603,1,1,0.25,0.16666666666666666,3.9999999999840004,5.999999999964,0.6523266062062422,0.6523266062062422,0.6523266062062422,0.0,0.0,-0.02450644716720519,0.02450644716720519,141.46725322391663,0.9431150214927774,0.12602206200721078
N150_K13_larger_reservoir,150,13,narma10,1,narma10__trial1,9,1.3608915892697748,9,9,1.3608915892697748,1.3608915892697748,1,0.07692307692307693,0.07692307692307691,0.0,3,0.20574746894441603,0,0,0.15384615384615385,0.07692307692307693,0.0,0.0,0.6577978281964254,0.6577978281964254,0.6492548057524955,0.0,0.008543022443929904,-0.031475148492192274,0.031475148492192274,141.54966107798475,0.943664407186565,0.12757697311063243
N150_K13_larger_reservoir,150,13,narma10,2,narma10__trial2,2,0.15017108890398193,1,2,0.1096069665318704,0.15017108890398193,2,0.15384615384615385,0.15384615384615388,0.0833333333333112,1,0.1096069665318704,1,1,0.4166666666666667,0.16666666666666666,2.39999999999424,5.999999999964,0.5607550404499727,0.5588268710297616,0.5588268710297616,0.0019281694202111233,0.0019281694202111233,-0.05186113135320259,0.05378930077341371,141.413811264453,0.94275874176302,0.060257676980434605
N150_K13_larger_reservoir,150,13,narma10,3,narma10__trial3,12,3.5,10,12,1.864539985982451,3.5,3,0.23076923076923078,0.23076923076923084,0.16666666666662264,10,1.864539985982451,1,1,0.2727272727272727,0.2727272727272727,3.6666666666532226,3.6666666666532226,0.6363476920839386,0.6341149842458047,0.6341149842458047,0.002232707838133896,0.002232707838133896,-0.014654316726274113,0.016887024564408007,141.44103509862592,0.9429402339908396,0.04550678129464569
N150_K13_larger_reservoir,150,13,lorenz_x,0,lorenz_x__trial0,1,0.1096069665318704,0,4,0.07999999999999999,0.28189194928259564,5,0.38461538461538464,0.3846153846153845,0.3333333333332451,2,0.15017108890398193,1,1,0.5555555555555556,0.3333333333333333,1.79999999999676,2.9999999999910005,0.015310533070460649,0.014653988210670718,0.014653988210670718,0.0006565448597899304,0.0006565448597899304,-0.004901718061889483,0.005558262921679414,141.53359245780172,0.9435572830520114,0.14256280833945834
N150_K13_larger_reservoir,150,13,lorenz_x,1,lorenz_x__trial1,0,0.07999999999999999,0,4,0.07999999999999999,0.28189194928259564,5,0.38461538461538464,0.3846153846153845,0.3333333333332451,0,0.07999999999999999,1,1,1.0,0.1111111111111111,0.9999999999989999,8.999999999919,0.006355480855009238,0.006355480855009238,0.006355480855009238,0.0,0.0,-0.0012538607055872725,0.0012538607055872725,141.50444276264335,0.9433629517509557,0.28617110903268905
N150_K13_larger_reservoir,150,13,lorenz_x,2,lorenz_x__trial2,7,0.7249819385087718,5,7,0.38621651813276453,0.7249819385087718,3,0.23076923076923078,0.23076923076923078,0.16666666666662258,7,0.7249819385087718,1,1,0.2727272727272727,0.2727272727272727,3.6666666666532226,3.6666666666532226,0.03758460918221105,0.03758460918221105,0.03758460918221105,0.0,0.0,-0.014395643980418453,0.014395643980418453,141.34593362319902,0.9423062241546601,0.06759518101077511
N150_K13_larger_reservoir,150,13,lorenz_x,3,lorenz_x__trial3,5,0.38621651813276453,5,6,0.38621651813276453,0.529150262212918,2,0.15384615384615385,0.15384615384615388,0.08333333333331132,12,3.5,1,0,0.6666666666666666,0.08333333333333333,1.4999999999977502,0.0,0.03440985280739844,0.03216742341562969,0.0256979276725155,0.0022424293917687466,0.008711925134882937,-0.014678690819447162,0.01692112021121591,141.47034318021934,0.9431356212014622,0.3121582871556361
